dataset,scheme,upd_w1,upd_w2,client_search_time_ms,repeat,measurement_mode
Crime,MC-ODXT,10,1,0.020792,1,measured
Crime,MC-ODXT,10,2,0.0165,1,measured
Crime,MC-ODXT,10,3,0.018458,1,measured
Crime,MC-ODXT,10,4,0.025542,1,measured
Crime,MC-ODXT,10,5,0.02175,1,measured
Crime,MC-ODXT,10,6,0.024583,1,measured
Crime,MC-ODXT,10,7,0.020875,1,measured
Crime,MC-ODXT,10,8,0.020666,1,measured
Crime,MC-ODXT,10,9,0.019958,1,measured
Crime,MC-ODXT,10,10,0.018709,1,measured
Crime,MC-ODXT,10,11,0.020209,1,measured
Crime,MC-ODXT,10,12,0.015999,1,measured
Crime,MC-ODXT,10,13,0.023375,1,measured
Crime,MC-ODXT,10,14,0.015875,1,measured
Crime,MC-ODXT,10,15,0.016876,1,measured
Crime,MC-ODXT,10,16,0.014625,1,measured
Crime,MC-ODXT,10,17,0.018125,1,measured
Crime,MC-ODXT,10,18,0.016708,1,measured
Crime,MC-ODXT,10,19,0.017708,1,measured
Crime,MC-ODXT,10,20,0.015874,1,measured
Crime,MC-ODXT,10,21,0.020167,1,measured
Crime,MC-ODXT,10,22,0.017917,1,measured
Crime,MC-ODXT,10,23,0.019917,1,measured
Crime,MC-ODXT,10,24,0.017625,1,measured
Crime,MC-ODXT,10,25,0.015667,1,measured
Crime,MC-ODXT,10,26,0.018999,1,measured
Crime,MC-ODXT,10,27,0.017875,1,measured
Crime,MC-ODXT,10,28,0.026001,1,measured
Crime,MC-ODXT,10,29,0.017749,1,measured
Crime,MC-ODXT,10,30,0.015709,1,measured
Crime,MC-ODXT,10,31,0.016625,1,measured
Crime,MC-ODXT,10,32,0.017666,1,measured
Crime,MC-ODXT,10,33,0.016626,1,measured
Crime,MC-ODXT,10,34,0.021375,1,measured
Crime,MC-ODXT,10,35,0.019042,1,measured
Crime,MC-ODXT,10,36,0.018042,1,measured
Crime,MC-ODXT,10,37,0.018583,1,measured
Crime,MC-ODXT,10,38,0.018874,1,measured
Crime,MC-ODXT,10,39,0.018958,1,measured
Crime,MC-ODXT,10,40,0.017874,1,measured
Crime,MC-ODXT,10,41,0.017209,1,measured
Crime,MC-ODXT,10,42,0.017293,1,measured
Crime,MC-ODXT,10,43,0.018334,1,measured
Crime,MC-ODXT,10,44,0.016958,1,measured
Crime,MC-ODXT,10,45,0.021084,1,measured
Crime,MC-ODXT,10,46,0.016792,1,measured
Crime,MC-ODXT,10,47,0.017001,1,measured
Crime,MC-ODXT,10,48,0.018833,1,measured
Crime,MC-ODXT,10,49,0.019501,1,measured
Crime,MC-ODXT,10,50,0.020667,1,measured
Crime,MC-ODXT,10,51,0.016541,1,measured
Crime,MC-ODXT,10,52,0.020292,1,measured
Crime,MC-ODXT,10,53,0.018666,1,measured
Crime,MC-ODXT,10,54,0.017667,1,measured
Crime,MC-ODXT,10,55,0.014875,1,measured
Crime,MC-ODXT,10,56,0.017916,1,measured
Crime,MC-ODXT,10,57,0.019,1,measured
Crime,MC-ODXT,10,58,0.015916,1,measured
Crime,MC-ODXT,10,59,0.01825,1,measured
Crime,MC-ODXT,10,60,0.018249,1,measured
Crime,MC-ODXT,10,61,0.019749,1,measured
Crime,MC-ODXT,10,62,0.019375,1,measured
Crime,MC-ODXT,10,63,0.018875,1,measured
Crime,MC-ODXT,10,64,0.018667,1,measured
Crime,MC-ODXT,10,65,0.018501,1,measured
Crime,MC-ODXT,10,66,0.018958,1,measured
Crime,MC-ODXT,10,67,0.020001,1,measured
Crime,MC-ODXT,10,68,0.017208,1,measured
Crime,MC-ODXT,10,69,0.016916,1,measured
Crime,MC-ODXT,10,70,0.017374,1,measured
Crime,MC-ODXT,10,71,0.016374,1,measured
Crime,MC-ODXT,10,72,0.018625,1,measured
Crime,MC-ODXT,10,73,0.015792,1,measured
Crime,MC-ODXT,10,74,0.020458,1,measured
Crime,MC-ODXT,10,75,0.022999,1,measured
Crime,MC-ODXT,10,76,0.017333,1,measured
Crime,MC-ODXT,10,77,0.018709,1,measured
Crime,MC-ODXT,10,78,0.016709,1,measured
Crime,MC-ODXT,10,79,0.018124,1,measured
Crime,MC-ODXT,10,80,0.01675,1,measured
Crime,MC-ODXT,10,81,0.019333,1,measured
Crime,MC-ODXT,10,82,0.020291,1,measured
Crime,MC-ODXT,10,83,0.0225,1,measured
Crime,MC-ODXT,10,84,0.022166,1,measured
Crime,MC-ODXT,10,85,0.019208,1,measured
Crime,MC-ODXT,10,86,0.019375,1,measured
Crime,MC-ODXT,10,87,0.021083,1,measured
Crime,MC-ODXT,10,88,0.02075,1,measured
Crime,MC-ODXT,10,89,0.023709,1,measured
Crime,MC-ODXT,10,90,0.017791,1,measured
Crime,MC-ODXT,10,91,0.018084,1,measured
Crime,MC-ODXT,10,92,0.020334,1,measured
Crime,MC-ODXT,10,93,0.043541,1,measured
Crime,MC-ODXT,10,94,0.020333,1,measured
Crime,MC-ODXT,10,95,0.021417,1,measured
Crime,MC-ODXT,10,96,0.017291,1,measured
Crime,MC-ODXT,10,97,0.019541,1,measured
Crime,MC-ODXT,10,98,0.019375,1,measured
Crime,MC-ODXT,10,99,0.064542,1,measured
Crime,MC-ODXT,10,100,0.027375,1,measured
Crime,MC-ODXT,10,101,0.027917,1,measured
Crime,MC-ODXT,10,102,0.023084,1,measured
Crime,MC-ODXT,10,103,0.021334,1,measured
Crime,MC-ODXT,10,104,0.018542,1,measured
Crime,MC-ODXT,10,105,0.018709,1,measured
Crime,MC-ODXT,10,106,0.060042,1,measured
Crime,MC-ODXT,10,107,0.017417,1,measured
Crime,MC-ODXT,10,108,0.017583,1,measured
Crime,MC-ODXT,10,109,0.016625,1,measured
Crime,MC-ODXT,10,110,0.020958,1,measured
Crime,MC-ODXT,10,111,0.018208,1,measured
Crime,MC-ODXT,10,112,0.021125,1,measured
Crime,MC-ODXT,10,113,0.016876,1,measured
Crime,MC-ODXT,10,114,0.018458,1,measured
Crime,MC-ODXT,10,115,0.021209,1,measured
Crime,MC-ODXT,10,116,0.0165,1,measured
Crime,MC-ODXT,10,117,0.01925,1,measured
Crime,MC-ODXT,10,118,0.017833,1,measured
Crime,MC-ODXT,10,119,0.017291,1,measured
Crime,MC-ODXT,10,120,0.020792,1,measured
Crime,MC-ODXT,10,121,0.017333,1,measured
Crime,MC-ODXT,10,122,0.0155,1,measured
Crime,MC-ODXT,10,123,0.020125,1,measured
Crime,MC-ODXT,10,124,0.022875,1,measured
Crime,MC-ODXT,10,125,0.022333,1,measured
Crime,MC-ODXT,10,126,0.020583,1,measured
Crime,MC-ODXT,10,127,0.020125,1,measured
Crime,MC-ODXT,10,128,0.016334,1,measured
Crime,MC-ODXT,10,129,0.021125,1,measured
Crime,MC-ODXT,10,130,0.019083,1,measured
Crime,MC-ODXT,10,131,0.022168,1,measured
Crime,MC-ODXT,10,132,0.020792,1,measured
Crime,MC-ODXT,10,133,0.016709,1,measured
Crime,MC-ODXT,10,134,0.024251,1,measured
Crime,MC-ODXT,10,135,0.025792,1,measured
Crime,MC-ODXT,10,136,0.024875,1,measured
Crime,MC-ODXT,10,137,0.021291,1,measured
Crime,MC-ODXT,10,138,0.016917,1,measured
Crime,MC-ODXT,10,139,0.016666,1,measured
Crime,MC-ODXT,10,140,0.016541,1,measured
Crime,MC-ODXT,10,141,0.022916,1,measured
Crime,MC-ODXT,10,142,0.019626,1,measured
Crime,MC-ODXT,10,143,0.018209,1,measured
Crime,MC-ODXT,10,144,0.016709,1,measured
Crime,MC-ODXT,10,145,0.019332,1,measured
Crime,MC-ODXT,10,146,0.016666,1,measured
Crime,MC-ODXT,10,147,0.0205,1,measured
Crime,MC-ODXT,10,148,0.021499,1,measured
Crime,MC-ODXT,10,149,0.019874,1,measured
Crime,MC-ODXT,10,150,0.017126,1,measured
Crime,MC-ODXT,10,151,0.020958,1,measured
Crime,MC-ODXT,10,152,0.019499,1,measured
Crime,MC-ODXT,10,153,0.020958,1,measured
Crime,MC-ODXT,10,154,0.018166,1,measured
Crime,MC-ODXT,10,155,0.022209,1,measured
Crime,MC-ODXT,10,156,0.021084,1,measured
Crime,MC-ODXT,10,157,0.023042,1,measured
Crime,MC-ODXT,10,158,0.019583,1,measured
Crime,MC-ODXT,10,159,0.020542,1,measured
Crime,MC-ODXT,10,160,0.020833,1,measured
Crime,MC-ODXT,10,161,0.020959,1,measured
Crime,MC-ODXT,10,162,0.109584,1,measured
Crime,MC-ODXT,10,163,0.023918,1,measured
Crime,MC-ODXT,10,164,0.020708,1,measured
Crime,MC-ODXT,10,165,0.020459,1,measured
Crime,MC-ODXT,10,166,0.021374,1,measured
Crime,MC-ODXT,10,167,0.021959,1,measured
Crime,MC-ODXT,10,168,0.020875,1,measured
Crime,MC-ODXT,10,169,0.021541,1,measured
Crime,MC-ODXT,10,170,0.023125,1,measured
Crime,MC-ODXT,10,171,0.018708,1,measured
Crime,MC-ODXT,10,172,0.018625,1,measured
Crime,MC-ODXT,10,173,0.015625,1,measured
Crime,MC-ODXT,10,174,0.015584,1,measured
Crime,MC-ODXT,10,175,0.017209,1,measured
Crime,MC-ODXT,10,176,0.016959,1,measured
Crime,MC-ODXT,10,177,0.0185,1,measured
Crime,MC-ODXT,10,178,0.018208,1,measured
Crime,MC-ODXT,10,179,0.016126,1,measured
Crime,MC-ODXT,10,180,0.017417,1,measured
Crime,MC-ODXT,10,181,0.018833,1,measured
Crime,MC-ODXT,10,182,0.016958,1,measured
Crime,MC-ODXT,10,183,0.019875,1,measured
Crime,MC-ODXT,10,184,0.016542,1,measured
Crime,MC-ODXT,10,185,0.017791,1,measured
Crime,MC-ODXT,10,186,0.018,1,measured
Crime,MC-ODXT,10,187,0.016083,1,measured
Crime,MC-ODXT,10,188,0.016625,1,measured
Crime,MC-ODXT,10,189,0.017583,1,measured
Crime,MC-ODXT,10,190,0.018375,1,measured
Crime,MC-ODXT,10,191,0.016958,1,measured
Crime,MC-ODXT,10,192,0.017042,1,measured
Crime,MC-ODXT,10,193,0.014375,1,measured
Crime,MC-ODXT,10,194,0.024375,1,measured
Crime,MC-ODXT,10,195,0.019334,1,measured
Crime,MC-ODXT,10,196,0.018584,1,measured
Crime,MC-ODXT,10,197,0.023625,1,measured
Crime,MC-ODXT,10,198,0.025208,1,measured
Crime,MC-ODXT,10,199,0.019958,1,measured
Crime,MC-ODXT,10,200,0.018667,1,measured
Crime,MC-ODXT,10,201,0.015459,1,measured
Crime,MC-ODXT,10,202,0.016333,1,measured
Crime,MC-ODXT,10,203,0.016459,1,measured
Crime,MC-ODXT,10,204,0.018791,1,measured
Crime,MC-ODXT,10,205,0.015625,1,measured
Crime,MC-ODXT,10,206,0.017417,1,measured
Crime,MC-ODXT,10,207,0.018208,1,measured
Crime,MC-ODXT,10,208,0.020708,1,measured
Crime,MC-ODXT,10,209,0.018709,1,measured
Crime,MC-ODXT,10,210,0.016958,1,measured
Crime,MC-ODXT,10,211,0.016999,1,measured
Crime,MC-ODXT,10,212,0.019084,1,measured
Crime,MC-ODXT,10,213,0.019543,1,measured
Crime,MC-ODXT,10,214,0.018416,1,measured
Crime,MC-ODXT,10,215,0.016375,1,measured
Crime,MC-ODXT,10,216,0.017207,1,measured
Crime,MC-ODXT,10,217,0.017501,1,measured
Crime,MC-ODXT,10,218,0.017499,1,measured
Crime,MC-ODXT,10,219,0.025917,1,measured
Crime,MC-ODXT,10,220,0.023583,1,measured
Crime,MC-ODXT,10,221,0.021791,1,measured
Crime,MC-ODXT,10,222,0.019751,1,measured
Crime,MC-ODXT,10,223,0.017,1,measured
Crime,MC-ODXT,10,224,0.019208,1,measured
Crime,MC-ODXT,10,225,0.020166,1,measured
Crime,MC-ODXT,10,226,0.017666,1,measured
Crime,MC-ODXT,10,227,0.02075,1,measured
Crime,MC-ODXT,10,228,0.024667,1,measured
Crime,MC-ODXT,10,229,0.024917,1,measured
Crime,MC-ODXT,10,230,0.022042,1,measured
Crime,MC-ODXT,10,231,0.02025,1,measured
Crime,MC-ODXT,10,232,0.021083,1,measured
Crime,MC-ODXT,10,233,0.019459,1,measured
Crime,MC-ODXT,10,234,0.021584,1,measured
Crime,MC-ODXT,10,235,0.021001,1,measured
Crime,MC-ODXT,10,236,0.020541,1,measured
Crime,MC-ODXT,10,237,0.0195,1,measured
Crime,MC-ODXT,10,238,0.017667,1,measured
Crime,MC-ODXT,10,239,0.017584,1,measured
Crime,MC-ODXT,10,240,0.019749,1,measured
Crime,MC-ODXT,10,241,0.017625,1,measured
Crime,MC-ODXT,10,242,0.020083,1,measured
Crime,MC-ODXT,10,243,0.02025,1,measured
Crime,MC-ODXT,10,244,0.022834,1,measured
Crime,MC-ODXT,10,245,0.020791,1,measured
Crime,MC-ODXT,10,246,0.020458,1,measured
Crime,MC-ODXT,10,247,0.020041,1,measured
Crime,MC-ODXT,10,248,0.020875,1,measured
Crime,MC-ODXT,10,249,0.022417,1,measured
Crime,MC-ODXT,10,250,0.019542,1,measured
Crime,MC-ODXT,10,251,0.0155,1,measured
Crime,MC-ODXT,10,252,0.018334,1,measured
Crime,MC-ODXT,10,253,0.02275,1,measured
Crime,MC-ODXT,10,254,0.025291,1,measured
Crime,MC-ODXT,10,255,0.101792,1,measured
Crime,MC-ODXT,10,256,0.025417,1,measured
Crime,MC-ODXT,10,257,0.028208,1,measured
Crime,MC-ODXT,10,258,0.025417,1,measured
Crime,MC-ODXT,10,259,0.027249,1,measured
Crime,MC-ODXT,10,260,0.077709,1,measured
Crime,MC-ODXT,10,261,0.026625,1,measured
Crime,MC-ODXT,10,262,0.027708,1,measured
Crime,MC-ODXT,10,263,0.025,1,measured
Crime,MC-ODXT,10,264,0.025,1,measured
Crime,MC-ODXT,10,265,0.024708,1,measured
Crime,MC-ODXT,10,266,0.023001,1,measured
Crime,MC-ODXT,10,267,0.022959,1,measured
Crime,MC-ODXT,10,268,0.022875,1,measured
Crime,MC-ODXT,10,269,0.02275,1,measured
Crime,MC-ODXT,10,270,0.019166,1,measured
Crime,MC-ODXT,10,271,0.021334,1,measured
Crime,MC-ODXT,10,272,0.024125,1,measured
Crime,MC-ODXT,10,273,0.0585,1,measured
Crime,MC-ODXT,10,274,0.037208,1,measured
Crime,MC-ODXT,10,275,0.024416,1,measured
Crime,MC-ODXT,10,276,0.025708,1,measured
Crime,MC-ODXT,10,277,0.025333,1,measured
Crime,MC-ODXT,10,278,0.023958,1,measured
Crime,MC-ODXT,10,279,0.018876,1,measured
Crime,MC-ODXT,10,280,0.025583,1,measured
Crime,MC-ODXT,10,281,0.021625,1,measured
Crime,MC-ODXT,10,282,0.020959,1,measured
Crime,MC-ODXT,10,283,0.021584,1,measured
Crime,MC-ODXT,10,284,0.02075,1,measured
Crime,MC-ODXT,10,285,0.024125,1,measured
Crime,MC-ODXT,10,286,0.020458,1,measured
Crime,MC-ODXT,10,287,0.0215,1,measured
Crime,MC-ODXT,10,288,0.016792,1,measured
Crime,MC-ODXT,10,289,0.018334,1,measured
Crime,MC-ODXT,10,290,0.016209,1,measured
Crime,MC-ODXT,10,291,0.016708,1,measured
Crime,MC-ODXT,10,292,0.023666,1,measured
Crime,MC-ODXT,10,293,0.030167,1,measured
Crime,MC-ODXT,10,294,0.016791,1,measured
Crime,MC-ODXT,10,295,0.019542,1,measured
Crime,MC-ODXT,10,296,0.02275,1,measured
Crime,MC-ODXT,10,297,0.020209,1,measured
Crime,MC-ODXT,10,298,0.020917,1,measured
Crime,MC-ODXT,10,299,0.020125,1,measured
Crime,MC-ODXT,10,300,0.018001,1,measured
Crime,MC-ODXT,10,301,0.016792,1,measured
Crime,MC-ODXT,10,302,0.019709,1,measured
Crime,MC-ODXT,10,303,0.01625,1,measured
Crime,MC-ODXT,10,304,0.015958,1,measured
Crime,MC-ODXT,10,305,0.017125,1,measured
Crime,MC-ODXT,10,306,0.019084,1,measured
Crime,MC-ODXT,10,307,0.016458,1,measured
Crime,MC-ODXT,10,308,0.017501,1,measured
Crime,MC-ODXT,10,309,0.024625,1,measured
Crime,MC-ODXT,10,310,0.019375,1,measured
Crime,MC-ODXT,10,311,0.023791,1,measured
Crime,MC-ODXT,10,312,0.020458,1,measured
Crime,MC-ODXT,10,313,0.018126,1,measured
Crime,MC-ODXT,10,314,0.015959,1,measured
Crime,MC-ODXT,10,315,0.016958,1,measured
Crime,MC-ODXT,10,316,0.037249,1,measured
Crime,MC-ODXT,10,317,0.017959,1,measured
Crime,MC-ODXT,10,318,0.017791,1,measured
Crime,MC-ODXT,10,319,0.017501,1,measured
Crime,MC-ODXT,10,320,0.016292,1,measured
Crime,MC-ODXT,10,321,0.016209,1,measured
Crime,MC-ODXT,10,322,0.018709,1,measured
Crime,MC-ODXT,10,323,0.019458,1,measured
Crime,MC-ODXT,10,324,0.021083,1,measured
Crime,MC-ODXT,10,325,0.017666,1,measured
Crime,MC-ODXT,10,326,0.018709,1,measured
Crime,MC-ODXT,10,327,0.020958,1,measured
Crime,MC-ODXT,10,328,0.017249,1,measured
Crime,MC-ODXT,10,329,0.017459,1,measured
Crime,MC-ODXT,10,330,0.028501,1,measured
Crime,MC-ODXT,10,331,0.018667,1,measured
Crime,MC-ODXT,10,332,0.016916,1,measured
Crime,MC-ODXT,10,333,0.018833,1,measured
Crime,MC-ODXT,10,334,0.01925,1,measured
Crime,MC-ODXT,10,335,0.018458,1,measured
Crime,MC-ODXT,10,336,0.020125,1,measured
Crime,MC-ODXT,10,337,0.02125,1,measured
Crime,MC-ODXT,10,338,0.019083,1,measured
Crime,MC-ODXT,10,339,0.017626,1,measured
Crime,MC-ODXT,10,340,0.017541,1,measured
Crime,MC-ODXT,10,341,0.016499,1,measured
Crime,MC-ODXT,10,342,0.017417,1,measured
Crime,MC-ODXT,10,343,0.018125,1,measured
Crime,MC-ODXT,10,344,0.021874,1,measured
Crime,MC-ODXT,10,345,0.016501,1,measured
Crime,MC-ODXT,10,346,0.016917,1,measured
Crime,MC-ODXT,10,347,0.02125,1,measured
Crime,MC-ODXT,10,348,0.019875,1,measured
Crime,MC-ODXT,10,349,0.02125,1,measured
Crime,MC-ODXT,10,350,0.020917,1,measured
Crime,MC-ODXT,10,351,0.018875,1,measured
Crime,MC-ODXT,10,352,0.022042,1,measured
Crime,MC-ODXT,10,353,0.01625,1,measured
Crime,MC-ODXT,10,354,0.015374,1,measured
Crime,MC-ODXT,10,355,0.015666,1,measured
Crime,MC-ODXT,10,356,0.017209,1,measured
Crime,MC-ODXT,10,357,0.015751,1,measured
Crime,MC-ODXT,10,358,0.019916,1,measured
Crime,MC-ODXT,10,359,0.015749,1,measured
Crime,MC-ODXT,10,360,0.019999,1,measured
Crime,MC-ODXT,10,361,0.018334,1,measured
Crime,MC-ODXT,10,362,0.020416,1,measured
Crime,MC-ODXT,10,363,0.019167,1,measured
Crime,MC-ODXT,10,364,0.017083,1,measured
Crime,MC-ODXT,10,365,0.021042,1,measured
Crime,MC-ODXT,10,366,0.015583,1,measured
Crime,MC-ODXT,10,367,0.015667,1,measured
Crime,MC-ODXT,10,368,0.020458,1,measured
Crime,MC-ODXT,10,369,0.019459,1,measured
Crime,MC-ODXT,10,370,0.017583,1,measured
Crime,MC-ODXT,10,371,0.016208,1,measured
Crime,MC-ODXT,10,372,0.02,1,measured
Crime,MC-ODXT,10,373,0.02075,1,measured
Crime,MC-ODXT,10,374,0.019333,1,measured
Crime,MC-ODXT,10,375,0.018709,1,measured
Crime,MC-ODXT,10,376,0.017999,1,measured
Crime,MC-ODXT,10,377,0.01675,1,measured
Crime,MC-ODXT,10,378,0.0155,1,measured
Crime,MC-ODXT,10,379,0.018542,1,measured
Crime,MC-ODXT,10,380,0.015959,1,measured
Crime,MC-ODXT,10,381,0.015584,1,measured
Crime,MC-ODXT,10,382,0.020125,1,measured
Crime,MC-ODXT,10,383,0.018125,1,measured
Crime,MC-ODXT,10,384,0.015791,1,measured
Crime,MC-ODXT,10,385,0.019459,1,measured
Crime,MC-ODXT,10,386,0.019084,1,measured
Crime,MC-ODXT,10,387,0.018459,1,measured
Crime,MC-ODXT,10,388,0.023333,1,measured
Crime,MC-ODXT,10,389,0.017834,1,measured
Crime,MC-ODXT,10,390,0.019375,1,measured
Crime,MC-ODXT,10,391,0.018625,1,measured
Crime,MC-ODXT,10,392,0.020749,1,measured
Crime,MC-ODXT,10,393,0.019,1,measured
Crime,MC-ODXT,10,394,0.019041,1,measured
Crime,MC-ODXT,10,395,0.017375,1,measured
Crime,MC-ODXT,10,396,0.014917,1,measured
Crime,MC-ODXT,10,397,0.016208,1,measured
Crime,MC-ODXT,10,398,0.018542,1,measured
Crime,MC-ODXT,10,399,0.023042,1,measured
Crime,MC-ODXT,10,400,0.021834,1,measured
Crime,MC-ODXT,10,401,0.022167,1,measured
Crime,MC-ODXT,10,402,0.020042,1,measured
Crime,MC-ODXT,10,403,0.016749,1,measured
Crime,MC-ODXT,10,404,0.016292,1,measured
Crime,MC-ODXT,10,405,0.017458,1,measured
Crime,MC-ODXT,10,406,0.026333,1,measured
Crime,MC-ODXT,10,407,0.019958,1,measured
Crime,MC-ODXT,10,408,0.018417,1,measured
Crime,MC-ODXT,10,409,0.016458,1,measured
Crime,MC-ODXT,10,410,0.019167,1,measured
Crime,MC-ODXT,10,411,0.0185,1,measured
Crime,MC-ODXT,10,412,0.052792,1,measured
Crime,MC-ODXT,10,413,0.02575,1,measured
Crime,MC-ODXT,10,414,0.021458,1,measured
Crime,MC-ODXT,10,415,0.019416,1,measured
Crime,MC-ODXT,10,416,0.018167,1,measured
Crime,MC-ODXT,10,417,0.017625,1,measured
Crime,MC-ODXT,10,418,0.017625,1,measured
Crime,MC-ODXT,10,419,0.021459,1,measured
Crime,MC-ODXT,10,420,0.015917,1,measured
Crime,MC-ODXT,10,421,0.016875,1,measured
Crime,MC-ODXT,10,422,0.019792,1,measured
Crime,MC-ODXT,10,423,0.017666,1,measured
Crime,MC-ODXT,10,424,0.018833,1,measured
Crime,MC-ODXT,10,425,0.020667,1,measured
Crime,MC-ODXT,10,426,0.019084,1,measured
Crime,MC-ODXT,10,427,0.023125,1,measured
Crime,MC-ODXT,10,428,0.017417,1,measured
Crime,MC-ODXT,10,429,0.021834,1,measured
Crime,MC-ODXT,10,430,0.015,1,measured
Crime,MC-ODXT,10,431,0.015,1,measured
Crime,MC-ODXT,10,432,0.019125,1,measured
Crime,MC-ODXT,10,433,0.019208,1,measured
Crime,MC-ODXT,10,434,0.015667,1,measured
Crime,MC-ODXT,10,435,0.018792,1,measured
Crime,MC-ODXT,10,436,0.019583,1,measured
Crime,MC-ODXT,10,437,0.017792,1,measured
Crime,MC-ODXT,10,438,0.019709,1,measured
Crime,MC-ODXT,10,439,0.017959,1,measured
Crime,MC-ODXT,10,440,0.019416,1,measured
Crime,MC-ODXT,10,441,0.017,1,measured
Crime,MC-ODXT,10,442,0.017042,1,measured
Crime,MC-ODXT,10,443,0.018834,1,measured
Crime,MC-ODXT,10,444,0.017083,1,measured
Crime,MC-ODXT,10,445,0.016417,1,measured
Crime,MC-ODXT,10,446,0.015291,1,measured
Crime,MC-ODXT,10,447,0.020209,1,measured
Crime,MC-ODXT,10,448,0.018458,1,measured
Crime,MC-ODXT,10,449,0.019043,1,measured
Crime,MC-ODXT,10,450,0.019,1,measured
Crime,MC-ODXT,10,451,0.022792,1,measured
Crime,MC-ODXT,10,452,0.024001,1,measured
Crime,MC-ODXT,10,453,0.021834,1,measured
Crime,MC-ODXT,10,454,0.018542,1,measured
Crime,MC-ODXT,10,455,0.01925,1,measured
Crime,MC-ODXT,10,456,0.018626,1,measured
Crime,MC-ODXT,10,457,0.016833,1,measured
Crime,MC-ODXT,10,458,0.01675,1,measured
Crime,MC-ODXT,10,459,0.015876,1,measured
Crime,MC-ODXT,10,460,0.020958,1,measured
Crime,MC-ODXT,10,461,0.019709,1,measured
Crime,MC-ODXT,10,462,0.018583,1,measured
Crime,MC-ODXT,10,463,0.019833,1,measured
Crime,MC-ODXT,10,464,0.020084,1,measured
Crime,MC-ODXT,10,465,0.0185,1,measured
Crime,MC-ODXT,10,466,0.017626,1,measured
Crime,MC-ODXT,10,467,0.020958,1,measured
Crime,MC-ODXT,10,468,0.016791,1,measured
Crime,MC-ODXT,10,469,0.017792,1,measured
Crime,MC-ODXT,10,470,0.015208,1,measured
Crime,MC-ODXT,10,471,0.016625,1,measured
Crime,MC-ODXT,10,472,0.018625,1,measured
Crime,MC-ODXT,10,473,0.018999,1,measured
Crime,MC-ODXT,10,474,0.021917,1,measured
Crime,MC-ODXT,10,475,0.025374,1,measured
Crime,MC-ODXT,10,476,0.019666,1,measured
Crime,MC-ODXT,10,477,0.017834,1,measured
Crime,MC-ODXT,10,478,0.018458,1,measured
Crime,MC-ODXT,10,479,0.022375,1,measured
Crime,MC-ODXT,10,480,0.027207,1,measured
Crime,MC-ODXT,10,481,0.018876,1,measured
Crime,MC-ODXT,10,482,0.020126,1,measured
Crime,MC-ODXT,10,483,0.016,1,measured
Crime,MC-ODXT,10,484,0.019542,1,measured
Crime,MC-ODXT,10,485,0.019042,1,measured
Crime,MC-ODXT,10,486,0.041541,1,measured
Crime,MC-ODXT,10,487,0.02025,1,measured
Crime,MC-ODXT,10,488,0.021584,1,measured
Crime,MC-ODXT,10,489,0.017166,1,measured
Crime,MC-ODXT,10,490,0.016584,1,measured
Crime,MC-ODXT,10,491,0.016375,1,measured
Crime,MC-ODXT,10,492,0.015917,1,measured
Crime,MC-ODXT,10,493,0.01775,1,measured
Crime,MC-ODXT,10,494,0.018917,1,measured
Crime,MC-ODXT,10,495,0.016667,1,measured
Crime,MC-ODXT,10,496,0.016125,1,measured
Crime,MC-ODXT,10,497,0.015833,1,measured
Crime,MC-ODXT,10,498,0.019917,1,measured
Crime,MC-ODXT,10,499,0.018125,1,measured
Crime,MC-ODXT,10,500,0.02575,1,measured
Crime,MC-ODXT,10,501,0.020417,1,measured
Crime,MC-ODXT,10,502,0.017292,1,measured
Crime,MC-ODXT,10,503,0.016584,1,measured
Crime,MC-ODXT,10,504,0.015792,1,measured
Crime,MC-ODXT,10,505,0.014499,1,measured
Crime,MC-ODXT,10,506,0.018207,1,measured
Crime,MC-ODXT,10,507,0.017542,1,measured
Crime,MC-ODXT,10,508,0.026,1,measured
Crime,MC-ODXT,10,509,0.017541,1,measured
Crime,MC-ODXT,10,510,0.021333,1,measured
Crime,MC-ODXT,10,511,0.025209,1,measured
Crime,MC-ODXT,10,512,0.077708,1,measured
Crime,MC-ODXT,10,513,0.024542,1,measured
Crime,MC-ODXT,10,514,0.025084,1,measured
Crime,MC-ODXT,10,515,0.025333,1,measured
Crime,MC-ODXT,10,516,0.022958,1,measured
Crime,MC-ODXT,10,517,0.019624,1,measured
Crime,MC-ODXT,10,518,0.017583,1,measured
Crime,MC-ODXT,10,519,0.018458,1,measured
Crime,MC-ODXT,10,520,0.01875,1,measured
Crime,MC-ODXT,10,521,0.019125,1,measured
Crime,MC-ODXT,10,522,0.016791,1,measured
Crime,MC-ODXT,10,523,0.02175,1,measured
Crime,MC-ODXT,10,524,0.016666,1,measured
Crime,MC-ODXT,10,525,0.016333,1,measured
Crime,MC-ODXT,10,526,0.018167,1,measured
Crime,MC-ODXT,10,527,0.017708,1,measured
Crime,MC-ODXT,10,528,0.014709,1,measured
Crime,MC-ODXT,10,529,0.015291,1,measured
Crime,MC-ODXT,10,530,0.017125,1,measured
Crime,MC-ODXT,10,531,0.014375,1,measured
Crime,MC-ODXT,10,532,0.015833,1,measured
Crime,MC-ODXT,10,533,0.015458,1,measured
Crime,MC-ODXT,10,534,0.022833,1,measured
Crime,MC-ODXT,10,535,0.018,1,measured
Crime,MC-ODXT,10,536,0.026625,1,measured
Crime,MC-ODXT,10,537,0.022374,1,measured
Crime,MC-ODXT,10,538,0.016416,1,measured
Crime,MC-ODXT,10,539,0.018542,1,measured
Crime,MC-ODXT,10,540,0.017584,1,measured
Crime,MC-ODXT,10,541,0.019083,1,measured
Crime,MC-ODXT,10,542,0.021333,1,measured
Crime,MC-ODXT,10,543,0.017666,1,measured
Crime,MC-ODXT,10,544,0.023834,1,measured
Crime,MC-ODXT,10,545,0.0155,1,measured
Crime,MC-ODXT,10,546,0.015083,1,measured
Crime,MC-ODXT,10,547,0.020167,1,measured
Crime,MC-ODXT,10,548,0.021959,1,measured
Crime,MC-ODXT,10,549,0.020833,1,measured
Crime,MC-ODXT,10,550,0.019125,1,measured
Crime,MC-ODXT,10,551,0.01525,1,measured
Crime,MC-ODXT,10,552,0.019167,1,measured
Crime,MC-ODXT,10,553,0.016458,1,measured
Crime,MC-ODXT,10,554,0.0155,1,measured
Crime,MC-ODXT,10,555,0.018583,1,measured
Crime,MC-ODXT,10,556,0.017,1,measured
Crime,MC-ODXT,10,557,0.018291,1,measured
Crime,MC-ODXT,10,558,0.018375,1,measured
Crime,MC-ODXT,10,559,0.0155,1,measured
Crime,MC-ODXT,10,560,0.018792,1,measured
Crime,MC-ODXT,10,561,0.018582,1,measured
Crime,MC-ODXT,10,562,0.022958,1,measured
Crime,MC-ODXT,10,563,0.019,1,measured
Crime,MC-ODXT,10,564,0.016292,1,measured
Crime,MC-ODXT,10,565,0.017667,1,measured
Crime,MC-ODXT,10,566,0.015208,1,measured
Crime,MC-ODXT,10,567,0.018958,1,measured
Crime,MC-ODXT,10,568,0.017916,1,measured
Crime,MC-ODXT,10,569,0.018,1,measured
Crime,MC-ODXT,10,570,0.0145,1,measured
Crime,MC-ODXT,10,571,0.015792,1,measured
Crime,MC-ODXT,10,572,0.016792,1,measured
Crime,MC-ODXT,10,573,0.019708,1,measured
Crime,MC-ODXT,10,574,0.016916,1,measured
Crime,MC-ODXT,10,575,0.020458,1,measured
Crime,MC-ODXT,10,576,0.019583,1,measured
Crime,MC-ODXT,10,577,0.020084,1,measured
Crime,MC-ODXT,10,578,0.016125,1,measured
Crime,MC-ODXT,10,579,0.018416,1,measured
Crime,MC-ODXT,10,580,0.018083,1,measured
Crime,MC-ODXT,10,581,0.019791,1,measured
Crime,MC-ODXT,10,582,0.020709,1,measured
Crime,MC-ODXT,10,583,0.020292,1,measured
Crime,MC-ODXT,10,584,0.020875,1,measured
Crime,MC-ODXT,10,585,0.027041,1,measured
Crime,MC-ODXT,10,586,0.021416,1,measured
Crime,MC-ODXT,10,587,0.022416,1,measured
Crime,MC-ODXT,10,588,0.018167,1,measured
Crime,MC-ODXT,10,589,0.021292,1,measured
Crime,MC-ODXT,10,590,0.025167,1,measured
Crime,MC-ODXT,10,591,0.016957,1,measured
Crime,MC-ODXT,10,592,0.020458,1,measured
Crime,MC-ODXT,10,593,0.017084,1,measured
Crime,MC-ODXT,10,594,0.015375,1,measured
Crime,MC-ODXT,10,595,0.016166,1,measured
Crime,MC-ODXT,10,596,0.020375,1,measured
Crime,MC-ODXT,10,597,0.030667,1,measured
Crime,MC-ODXT,10,598,0.020458,1,measured
Crime,MC-ODXT,10,599,0.017875,1,measured
Crime,MC-ODXT,10,600,0.023416,1,measured
Crime,MC-ODXT,10,601,0.018167,1,measured
Crime,MC-ODXT,10,602,0.017499,1,measured
Crime,MC-ODXT,10,603,0.018791,1,measured
Crime,MC-ODXT,10,604,0.016542,1,measured
Crime,MC-ODXT,10,605,0.018249,1,measured
Crime,MC-ODXT,10,606,0.016875,1,measured
Crime,MC-ODXT,10,607,0.018916,1,measured
Crime,MC-ODXT,10,608,0.024834,1,measured
Crime,MC-ODXT,10,609,0.020792,1,measured
Crime,MC-ODXT,10,610,0.019167,1,measured
Crime,MC-ODXT,10,611,0.017541,1,measured
Crime,MC-ODXT,10,612,0.021041,1,measured
Crime,MC-ODXT,10,613,0.020583,1,measured
Crime,MC-ODXT,10,614,0.022583,1,measured
Crime,MC-ODXT,10,615,0.018625,1,measured
Crime,MC-ODXT,10,616,0.020667,1,measured
Crime,MC-ODXT,10,617,0.021833,1,measured
Crime,MC-ODXT,10,618,0.02375,1,measured
Crime,MC-ODXT,10,619,0.025334,1,measured
Crime,MC-ODXT,10,620,0.026666,1,measured
Crime,MC-ODXT,10,621,0.022042,1,measured
Crime,MC-ODXT,10,622,0.019499,1,measured
Crime,MC-ODXT,10,623,0.025417,1,measured
Crime,MC-ODXT,10,624,0.021625,1,measured
Crime,MC-ODXT,10,625,0.018875,1,measured
Crime,MC-ODXT,10,626,0.017167,1,measured
Crime,MC-ODXT,10,627,0.018917,1,measured
Crime,MC-ODXT,10,628,0.016959,1,measured
Crime,MC-ODXT,10,629,0.017292,1,measured
Crime,MC-ODXT,10,630,0.016208,1,measured
Crime,MC-ODXT,10,631,0.015667,1,measured
Crime,MC-ODXT,10,632,0.016292,1,measured
Crime,MC-ODXT,10,633,0.017792,1,measured
Crime,MC-ODXT,10,634,0.018168,1,measured
Crime,MC-ODXT,10,635,0.021374,1,measured
Crime,MC-ODXT,10,636,0.020667,1,measured
Crime,MC-ODXT,10,637,0.019249,1,measured
Crime,MC-ODXT,10,638,0.020541,1,measured
Crime,MC-ODXT,10,639,0.018792,1,measured
Crime,MC-ODXT,10,640,0.016417,1,measured
Crime,MC-ODXT,10,641,0.017042,1,measured
Crime,MC-ODXT,10,642,0.016959,1,measured
Crime,MC-ODXT,10,643,0.019959,1,measured
Crime,MC-ODXT,10,644,0.016625,1,measured
Crime,MC-ODXT,10,645,0.016084,1,measured
Crime,MC-ODXT,10,646,0.019333,1,measured
Crime,MC-ODXT,10,647,0.019167,1,measured
Crime,MC-ODXT,10,648,0.017875,1,measured
Crime,MC-ODXT,10,649,0.022791,1,measured
Crime,MC-ODXT,10,650,0.017875,1,measured
Crime,MC-ODXT,10,651,0.017709,1,measured
Crime,MC-ODXT,10,652,0.017084,1,measured
Crime,MC-ODXT,10,653,0.016209,1,measured
Crime,MC-ODXT,10,654,0.015958,1,measured
Crime,MC-ODXT,10,655,0.015417,1,measured
Crime,MC-ODXT,10,656,0.016417,1,measured
Crime,MC-ODXT,10,657,0.015333,1,measured
Crime,MC-ODXT,10,658,0.020042,1,measured
Crime,MC-ODXT,10,659,0.015958,1,measured
Crime,MC-ODXT,10,660,0.017334,1,measured
Crime,MC-ODXT,10,661,0.0165,1,measured
Crime,MC-ODXT,10,662,0.022,1,measured
Crime,MC-ODXT,10,663,0.017376,1,measured
Crime,MC-ODXT,10,664,0.015375,1,measured
Crime,MC-ODXT,10,665,0.019292,1,measured
Crime,MC-ODXT,10,666,0.018251,1,measured
Crime,MC-ODXT,10,667,0.026292,1,measured
Crime,MC-ODXT,10,668,0.021667,1,measured
Crime,MC-ODXT,10,669,0.024083,1,measured
Crime,MC-ODXT,10,670,0.02025,1,measured
Crime,MC-ODXT,10,671,0.021792,1,measured
Crime,MC-ODXT,10,672,0.023124,1,measured
Crime,MC-ODXT,10,673,0.019332,1,measured
Crime,MC-ODXT,10,674,0.03025,1,measured
Crime,MC-ODXT,10,675,0.020958,1,measured
Crime,MC-ODXT,10,676,0.01575,1,measured
Crime,MC-ODXT,10,677,0.01675,1,measured
Crime,MC-ODXT,10,678,0.016875,1,measured
Crime,MC-ODXT,10,679,0.016542,1,measured
Crime,MC-ODXT,10,680,0.018418,1,measured
Crime,MC-ODXT,10,681,0.019875,1,measured
Crime,MC-ODXT,10,682,0.015375,1,measured
Crime,MC-ODXT,10,683,0.016833,1,measured
Crime,MC-ODXT,10,684,0.017625,1,measured
Crime,MC-ODXT,10,685,0.019833,1,measured
Crime,MC-ODXT,10,686,0.016833,1,measured
Crime,MC-ODXT,10,687,0.022333,1,measured
Crime,MC-ODXT,10,688,0.01625,1,measured
Crime,MC-ODXT,10,689,0.015,1,measured
Crime,MC-ODXT,10,690,0.018499,1,measured
Crime,MC-ODXT,10,691,0.016041,1,measured
Crime,MC-ODXT,10,692,0.019834,1,measured
Crime,MC-ODXT,10,693,0.018041,1,measured
Crime,MC-ODXT,10,694,0.018541,1,measured
Crime,MC-ODXT,10,695,0.018458,1,measured
Crime,MC-ODXT,10,696,0.015876,1,measured
Crime,MC-ODXT,10,697,0.014,1,measured
Crime,MC-ODXT,10,698,0.018084,1,measured
Crime,MC-ODXT,10,699,0.020042,1,measured
Crime,MC-ODXT,10,700,0.024208,1,measured
Crime,MC-ODXT,10,701,0.021041,1,measured
Crime,MC-ODXT,10,702,0.021,1,measured
Crime,MC-ODXT,10,703,0.016416,1,measured
Crime,MC-ODXT,10,704,0.017542,1,measured
Crime,MC-ODXT,10,705,0.016083,1,measured
Crime,MC-ODXT,10,706,0.015625,1,measured
Crime,MC-ODXT,10,707,0.017208,1,measured
Crime,MC-ODXT,10,708,0.015667,1,measured
Crime,MC-ODXT,10,709,0.014958,1,measured
Crime,MC-ODXT,10,710,0.017666,1,measured
Crime,MC-ODXT,10,711,0.018042,1,measured
Crime,MC-ODXT,10,712,0.018083,1,measured
Crime,MC-ODXT,10,713,0.01975,1,measured
Crime,MC-ODXT,10,714,0.018417,1,measured
Crime,MC-ODXT,10,715,0.016333,1,measured
Crime,MC-ODXT,10,716,0.017958,1,measured
Crime,MC-ODXT,10,717,0.016542,1,measured
Crime,MC-ODXT,10,718,0.017126,1,measured
Crime,MC-ODXT,10,719,0.016292,1,measured
Crime,MC-ODXT,10,720,0.015666,1,measured
Crime,MC-ODXT,10,721,0.018792,1,measured
Crime,MC-ODXT,10,722,0.014584,1,measured
Crime,MC-ODXT,10,723,0.015042,1,measured
Crime,MC-ODXT,10,724,0.021833,1,measured
Crime,MC-ODXT,10,725,0.020126,1,measured
Crime,MC-ODXT,10,726,0.024376,1,measured
Crime,MC-ODXT,10,727,0.017291,1,measured
Crime,MC-ODXT,10,728,0.020792,1,measured
Crime,MC-ODXT,10,729,0.016208,1,measured
Crime,MC-ODXT,10,730,0.01425,1,measured
Crime,MC-ODXT,10,731,0.015084,1,measured
Crime,MC-ODXT,10,732,0.015875,1,measured
Crime,MC-ODXT,10,733,0.015041,1,measured
Crime,MC-ODXT,10,734,0.016376,1,measured
Crime,MC-ODXT,10,735,0.014209,1,measured
Crime,MC-ODXT,10,736,0.017083,1,measured
Crime,MC-ODXT,10,737,0.018708,1,measured
Crime,MC-ODXT,10,738,0.018667,1,measured
Crime,MC-ODXT,10,739,0.020541,1,measured
Crime,MC-ODXT,10,740,0.017958,1,measured
Crime,MC-ODXT,10,741,0.019041,1,measured
Crime,MC-ODXT,10,742,0.02625,1,measured
Crime,MC-ODXT,10,743,0.026292,1,measured
Crime,MC-ODXT,10,744,0.021916,1,measured
Crime,MC-ODXT,10,745,0.024625,1,measured
Crime,MC-ODXT,10,746,0.174792,1,measured
Crime,MC-ODXT,10,747,0.0195,1,measured
Crime,MC-ODXT,10,748,0.017416,1,measured
Crime,MC-ODXT,10,749,0.02,1,measured
Crime,MC-ODXT,10,750,0.020209,1,measured
Crime,MC-ODXT,10,751,0.022876,1,measured
Crime,MC-ODXT,10,752,0.025209,1,measured
Crime,MC-ODXT,10,753,0.019958,1,measured
Crime,MC-ODXT,10,754,0.01575,1,measured
Crime,MC-ODXT,10,755,0.016416,1,measured
Crime,MC-ODXT,10,756,0.019583,1,measured
Crime,MC-ODXT,10,757,0.016833,1,measured
Crime,MC-ODXT,10,758,0.015125,1,measured
Crime,MC-ODXT,10,759,0.016126,1,measured
Crime,MC-ODXT,10,760,0.015917,1,measured
Crime,MC-ODXT,10,761,0.014208,1,measured
Crime,MC-ODXT,10,762,0.018792,1,measured
Crime,MC-ODXT,10,763,0.025833,1,measured
Crime,MC-ODXT,10,764,0.018083,1,measured
Crime,MC-ODXT,10,765,0.021291,1,measured
Crime,MC-ODXT,10,766,0.024833,1,measured
Crime,MC-ODXT,10,767,0.017874,1,measured
Crime,MC-ODXT,10,768,0.022249,1,measured
Crime,MC-ODXT,10,769,0.018416,1,measured
Crime,MC-ODXT,10,770,0.018791,1,measured
Crime,MC-ODXT,10,771,0.019501,1,measured
Crime,MC-ODXT,10,772,0.014792,1,measured
Crime,MC-ODXT,10,773,0.0185,1,measured
Crime,MC-ODXT,10,774,0.017459,1,measured
Crime,MC-ODXT,10,775,0.023417,1,measured
Crime,MC-ODXT,10,776,0.021292,1,measured
Crime,MC-ODXT,10,777,0.0215,1,measured
Crime,MC-ODXT,10,778,0.018584,1,measured
Crime,MC-ODXT,10,779,0.015541,1,measured
Crime,MC-ODXT,10,780,0.016791,1,measured
Crime,MC-ODXT,10,781,0.018709,1,measured
Crime,MC-ODXT,10,782,0.017625,1,measured
Crime,MC-ODXT,10,783,0.017333,1,measured
Crime,MC-ODXT,10,784,0.01875,1,measured
Crime,MC-ODXT,10,785,0.017208,1,measured
Crime,MC-ODXT,10,786,0.019624,1,measured
Crime,MC-ODXT,10,787,0.021833,1,measured
Crime,MC-ODXT,10,788,0.020625,1,measured
Crime,MC-ODXT,10,789,0.019959,1,measured
Crime,MC-ODXT,10,790,0.021791,1,measured
Crime,MC-ODXT,10,791,0.019625,1,measured
Crime,MC-ODXT,10,792,0.01825,1,measured
Crime,MC-ODXT,10,793,0.01825,1,measured
Crime,MC-ODXT,10,794,0.018792,1,measured
Crime,MC-ODXT,10,795,0.019584,1,measured
Crime,MC-ODXT,10,796,0.016167,1,measured
Crime,MC-ODXT,10,797,0.016542,1,measured
Crime,MC-ODXT,10,798,0.020292,1,measured
Crime,MC-ODXT,10,799,0.020666,1,measured
Crime,MC-ODXT,10,800,0.020292,1,measured
Crime,MC-ODXT,10,801,0.020166,1,measured
Crime,MC-ODXT,10,802,0.021458,1,measured
Crime,MC-ODXT,10,803,0.02,1,measured
Crime,MC-ODXT,10,804,0.0215,1,measured
Crime,MC-ODXT,10,805,0.022499,1,measured
Crime,MC-ODXT,10,806,0.013958,1,measured
Crime,MC-ODXT,10,807,0.015958,1,measured
Crime,MC-ODXT,10,808,0.016417,1,measured
Crime,MC-ODXT,10,809,0.0155,1,measured
Crime,MC-ODXT,10,810,0.014583,1,measured
Crime,MC-ODXT,10,811,0.018166,1,measured
Crime,MC-ODXT,10,812,0.02125,1,measured
Crime,MC-ODXT,10,813,0.019666,1,measured
Crime,MC-ODXT,10,814,0.020958,1,measured
Crime,MC-ODXT,10,815,0.018542,1,measured
Crime,MC-ODXT,10,816,0.017916,1,measured
Crime,MC-ODXT,10,817,0.015875,1,measured
Crime,MC-ODXT,10,818,0.019625,1,measured
Crime,MC-ODXT,10,819,0.020501,1,measured
Crime,MC-ODXT,10,820,0.016792,1,measured
Crime,MC-ODXT,10,821,0.016417,1,measured
Crime,MC-ODXT,10,822,0.017041,1,measured
Crime,MC-ODXT,10,823,0.015542,1,measured
Crime,MC-ODXT,10,824,0.021667,1,measured
Crime,MC-ODXT,10,825,0.034375,1,measured
Crime,MC-ODXT,10,826,0.017542,1,measured
Crime,MC-ODXT,10,827,0.024959,1,measured
Crime,MC-ODXT,10,828,0.017959,1,measured
Crime,MC-ODXT,10,829,0.020125,1,measured
Crime,MC-ODXT,10,830,0.018792,1,measured
Crime,MC-ODXT,10,831,0.018207,1,measured
Crime,MC-ODXT,10,832,0.019749,1,measured
Crime,MC-ODXT,10,833,0.016041,1,measured
Crime,MC-ODXT,10,834,0.016,1,measured
Crime,MC-ODXT,10,835,0.015667,1,measured
Crime,MC-ODXT,10,836,0.015417,1,measured
Crime,MC-ODXT,10,837,0.020042,1,measured
Crime,MC-ODXT,10,838,0.021333,1,measured
Crime,MC-ODXT,10,839,0.019166,1,measured
Crime,MC-ODXT,10,840,0.019166,1,measured
Crime,MC-ODXT,10,841,0.019875,1,measured
Crime,MC-ODXT,10,842,0.016167,1,measured
Crime,MC-ODXT,10,843,0.016541,1,measured
Crime,MC-ODXT,10,844,0.017334,1,measured
Crime,MC-ODXT,10,845,0.016082,1,measured
Crime,MC-ODXT,10,846,0.017999,1,measured
Crime,MC-ODXT,10,847,0.016,1,measured
Crime,MC-ODXT,10,848,0.017541,1,measured
Crime,MC-ODXT,10,849,0.015249,1,measured
Crime,MC-ODXT,10,850,0.013458,1,measured
Crime,MC-ODXT,10,851,0.022416,1,measured
Crime,MC-ODXT,10,852,0.021209,1,measured
Crime,MC-ODXT,10,853,0.0205,1,measured
Crime,MC-ODXT,10,855,0.027875,1,measured
Crime,MC-ODXT,10,856,0.023334,1,measured
Crime,MC-ODXT,10,857,0.018,1,measured
Crime,MC-ODXT,10,858,0.018624,1,measured
Crime,MC-ODXT,10,859,0.015709,1,measured
Crime,MC-ODXT,10,860,0.016125,1,measured
Crime,MC-ODXT,10,861,0.018459,1,measured
Crime,MC-ODXT,10,862,0.018917,1,measured
Crime,MC-ODXT,10,863,0.019416,1,measured
Crime,MC-ODXT,10,864,0.016667,1,measured
Crime,MC-ODXT,10,865,0.019042,1,measured
Crime,MC-ODXT,10,866,0.021124,1,measured
Crime,MC-ODXT,10,867,0.021125,1,measured
Crime,MC-ODXT,10,868,0.020792,1,measured
Crime,MC-ODXT,10,869,0.017834,1,measured
Crime,MC-ODXT,10,871,0.014625,1,measured
Crime,MC-ODXT,10,873,0.018082,1,measured
Crime,MC-ODXT,10,874,0.016333,1,measured
Crime,MC-ODXT,10,875,0.015251,1,measured
Crime,MC-ODXT,10,876,0.017042,1,measured
Crime,MC-ODXT,10,877,0.018333,1,measured
Crime,MC-ODXT,10,878,0.014042,1,measured
Crime,MC-ODXT,10,879,0.015374,1,measured
Crime,MC-ODXT,10,880,0.019042,1,measured
Crime,MC-ODXT,10,881,0.019458,1,measured
Crime,MC-ODXT,10,882,0.020709,1,measured
Crime,MC-ODXT,10,883,0.017834,1,measured
Crime,MC-ODXT,10,884,0.018832,1,measured
Crime,MC-ODXT,10,885,0.019709,1,measured
Crime,MC-ODXT,10,886,0.02175,1,measured
Crime,MC-ODXT,10,887,0.051209,1,measured
Crime,MC-ODXT,10,888,0.023042,1,measured
Crime,MC-ODXT,10,889,0.020626,1,measured
Crime,MC-ODXT,10,890,0.020917,1,measured
Crime,MC-ODXT,10,891,0.017293,1,measured
Crime,MC-ODXT,10,892,0.02075,1,measured
Crime,MC-ODXT,10,893,0.020666,1,measured
Crime,MC-ODXT,10,894,0.031792,1,measured
Crime,MC-ODXT,10,895,0.019167,1,measured
Crime,MC-ODXT,10,896,0.020082,1,measured
Crime,MC-ODXT,10,897,0.018583,1,measured
Crime,MC-ODXT,10,898,0.020375,1,measured
Crime,MC-ODXT,10,899,0.016292,1,measured
Crime,MC-ODXT,10,900,0.015625,1,measured
Crime,MC-ODXT,10,901,0.017708,1,measured
Crime,MC-ODXT,10,902,0.016167,1,measured
Crime,MC-ODXT,10,903,0.016958,1,measured
Crime,MC-ODXT,10,904,0.017959,1,measured
Crime,MC-ODXT,10,905,0.020458,1,measured
Crime,MC-ODXT,10,906,0.018166,1,measured
Crime,MC-ODXT,10,907,0.018292,1,measured
Crime,MC-ODXT,10,908,0.016166,1,measured
Crime,MC-ODXT,10,909,0.016417,1,measured
Crime,MC-ODXT,10,910,0.014709,1,measured
Crime,MC-ODXT,10,911,0.022792,1,measured
Crime,MC-ODXT,10,912,0.016042,1,measured
Crime,MC-ODXT,10,913,0.015624,1,measured
Crime,MC-ODXT,10,915,0.017708,1,measured
Crime,MC-ODXT,10,916,0.016583,1,measured
Crime,MC-ODXT,10,917,0.014083,1,measured
Crime,MC-ODXT,10,918,0.02,1,measured
Crime,MC-ODXT,10,919,0.019292,1,measured
Crime,MC-ODXT,10,920,0.019,1,measured
Crime,MC-ODXT,10,921,0.020001,1,measured
Crime,MC-ODXT,10,922,0.020167,1,measured
Crime,MC-ODXT,10,923,0.017833,1,measured
Crime,MC-ODXT,10,924,0.017083,1,measured
Crime,MC-ODXT,10,925,0.018291,1,measured
Crime,MC-ODXT,10,926,0.015375,1,measured
Crime,MC-ODXT,10,927,0.02125,1,measured
Crime,MC-ODXT,10,929,0.016626,1,measured
Crime,MC-ODXT,10,930,0.015125,1,measured
Crime,MC-ODXT,10,931,0.015041,1,measured
Crime,MC-ODXT,10,932,0.018209,1,measured
Crime,MC-ODXT,10,933,0.019125,1,measured
Crime,MC-ODXT,10,934,0.019458,1,measured
Crime,MC-ODXT,10,935,0.020583,1,measured
Crime,MC-ODXT,10,936,0.016833,1,measured
Crime,MC-ODXT,10,937,0.028,1,measured
Crime,MC-ODXT,10,938,0.023375,1,measured
Crime,MC-ODXT,10,939,0.0225,1,measured
Crime,MC-ODXT,10,940,0.01925,1,measured
Crime,MC-ODXT,10,941,0.021042,1,measured
Crime,MC-ODXT,10,942,0.024209,1,measured
Crime,MC-ODXT,10,944,0.020292,1,measured
Crime,MC-ODXT,10,945,0.020416,1,measured
Crime,MC-ODXT,10,946,0.019875,1,measured
Crime,MC-ODXT,10,947,0.016124,1,measured
Crime,MC-ODXT,10,948,0.016333,1,measured
Crime,MC-ODXT,10,949,0.018041,1,measured
Crime,MC-ODXT,10,951,0.018,1,measured
Crime,MC-ODXT,10,952,0.016667,1,measured
Crime,MC-ODXT,10,953,0.018375,1,measured
Crime,MC-ODXT,10,954,0.019124,1,measured
Crime,MC-ODXT,10,955,0.016542,1,measured
Crime,MC-ODXT,10,956,0.018582,1,measured
Crime,MC-ODXT,10,957,0.019374,1,measured
Crime,MC-ODXT,10,958,0.016875,1,measured
Crime,MC-ODXT,10,959,0.0295,1,measured
Crime,MC-ODXT,10,960,0.020917,1,measured
Crime,MC-ODXT,10,961,0.019791,1,measured
Crime,MC-ODXT,10,962,0.017667,1,measured
Crime,MC-ODXT,10,963,0.01725,1,measured
Crime,MC-ODXT,10,964,0.025208,1,measured
Crime,MC-ODXT,10,965,0.023625,1,measured
Crime,MC-ODXT,10,966,0.016334,1,measured
Crime,MC-ODXT,10,967,0.021583,1,measured
Crime,MC-ODXT,10,968,0.021667,1,measured
Crime,MC-ODXT,10,969,0.026458,1,measured
Crime,MC-ODXT,10,970,0.022292,1,measured
Crime,MC-ODXT,10,971,0.021958,1,measured
Crime,MC-ODXT,10,972,0.026416,1,measured
Crime,MC-ODXT,10,973,0.031708,1,measured
Crime,MC-ODXT,10,974,0.025249,1,measured
Crime,MC-ODXT,10,976,0.023458,1,measured
Crime,MC-ODXT,10,977,0.022459,1,measured
Crime,MC-ODXT,10,978,0.021499,1,measured
Crime,MC-ODXT,10,979,0.023833,1,measured
Crime,MC-ODXT,10,980,0.023,1,measured
Crime,MC-ODXT,10,981,0.020709,1,measured
Crime,MC-ODXT,10,982,0.02425,1,measured
Crime,MC-ODXT,10,983,0.020001,1,measured
Crime,MC-ODXT,10,984,0.021916,1,measured
Crime,MC-ODXT,10,985,0.028583,1,measured
Crime,MC-ODXT,10,986,0.031458,1,measured
Crime,MC-ODXT,10,988,0.028958,1,measured
Crime,MC-ODXT,10,989,0.0255,1,measured
Crime,MC-ODXT,10,990,0.019875,1,measured
Crime,MC-ODXT,10,991,0.016833,1,measured
Crime,MC-ODXT,10,992,0.022333,1,measured
Crime,MC-ODXT,10,993,0.019918,1,measured
Crime,MC-ODXT,10,994,0.026458,1,measured
Crime,MC-ODXT,10,995,0.031043,1,measured
Crime,MC-ODXT,10,996,0.029458,1,measured
Crime,MC-ODXT,10,997,0.052791,1,measured
Crime,MC-ODXT,10,998,0.027042,1,measured
Crime,MC-ODXT,10,999,0.022791,1,measured
Crime,MC-ODXT,10,1001,0.023999,1,measured
Crime,MC-ODXT,10,1002,0.0225,1,measured
Crime,MC-ODXT,10,1003,0.025376,1,measured
Crime,MC-ODXT,10,1004,0.024917,1,measured
Crime,MC-ODXT,10,1005,0.094916,1,measured
Crime,MC-ODXT,10,1006,0.022709,1,measured
Crime,MC-ODXT,10,1007,0.01825,1,measured
Crime,MC-ODXT,10,1009,0.019124,1,measured
Crime,MC-ODXT,10,1010,0.017292,1,measured
Crime,MC-ODXT,10,1011,0.019666,1,measured
Crime,MC-ODXT,10,1013,0.017917,1,measured
Crime,MC-ODXT,10,1014,0.021125,1,measured
Crime,MC-ODXT,10,1016,0.018083,1,measured
Crime,MC-ODXT,10,1017,0.0255,1,measured
Crime,MC-ODXT,10,1018,0.01975,1,measured
Crime,MC-ODXT,10,1019,0.019793,1,measured
Crime,MC-ODXT,10,1020,0.021709,1,measured
Crime,MC-ODXT,10,1021,0.023458,1,measured
Crime,MC-ODXT,10,1022,0.019542,1,measured
Crime,MC-ODXT,10,1023,0.026124,1,measured
Crime,MC-ODXT,10,1025,0.018042,1,measured
Crime,MC-ODXT,10,1026,0.02375,1,measured
Crime,MC-ODXT,10,1027,0.018916,1,measured
Crime,MC-ODXT,10,1028,0.026792,1,measured
Crime,MC-ODXT,10,1030,0.017459,1,measured
Crime,MC-ODXT,10,1031,0.017708,1,measured
Crime,MC-ODXT,10,1032,0.020791,1,measured
Crime,MC-ODXT,10,1033,0.018875,1,measured
Crime,MC-ODXT,10,1034,0.019958,1,measured
Crime,MC-ODXT,10,1036,0.015666,1,measured
Crime,MC-ODXT,10,1037,0.0165,1,measured
Crime,MC-ODXT,10,1038,0.017126,1,measured
Crime,MC-ODXT,10,1039,0.016334,1,measured
Crime,MC-ODXT,10,1040,0.022833,1,measured
Crime,MC-ODXT,10,1041,0.017957,1,measured
Crime,MC-ODXT,10,1042,0.017084,1,measured
Crime,MC-ODXT,10,1044,0.024084,1,measured
Crime,MC-ODXT,10,1045,0.016167,1,measured
Crime,MC-ODXT,10,1046,0.02,1,measured
Crime,MC-ODXT,10,1048,0.019708,1,measured
Crime,MC-ODXT,10,1049,0.021833,1,measured
Crime,MC-ODXT,10,1050,0.019542,1,measured
Crime,MC-ODXT,10,1051,0.02275,1,measured
Crime,MC-ODXT,10,1052,0.023,1,measured
Crime,MC-ODXT,10,1053,0.027251,1,measured
Crime,MC-ODXT,10,1054,0.022584,1,measured
Crime,MC-ODXT,10,1055,0.024624,1,measured
Crime,MC-ODXT,10,1057,0.023083,1,measured
Crime,MC-ODXT,10,1058,0.018333,1,measured
Crime,MC-ODXT,10,1059,0.021541,1,measured
Crime,MC-ODXT,10,1060,0.021042,1,measured
Crime,MC-ODXT,10,1061,0.029333,1,measured
Crime,MC-ODXT,10,1062,0.021541,1,measured
Crime,MC-ODXT,10,1063,0.023542,1,measured
Crime,MC-ODXT,10,1065,0.02175,1,measured
Crime,MC-ODXT,10,1066,0.020583,1,measured
Crime,MC-ODXT,10,1067,0.020876,1,measured
Crime,MC-ODXT,10,1069,0.021625,1,measured
Crime,MC-ODXT,10,1071,0.022417,1,measured
Crime,MC-ODXT,10,1073,0.022959,1,measured
Crime,MC-ODXT,10,1074,0.022584,1,measured
Crime,MC-ODXT,10,1075,0.022334,1,measured
Crime,MC-ODXT,10,1077,0.0215,1,measured
Crime,MC-ODXT,10,1078,0.026083,1,measured
Crime,MC-ODXT,10,1079,0.018709,1,measured
Crime,MC-ODXT,10,1080,0.019958,1,measured
Crime,MC-ODXT,10,1082,0.023125,1,measured
Crime,MC-ODXT,10,1083,0.026208,1,measured
Crime,MC-ODXT,10,1084,0.024292,1,measured
Crime,MC-ODXT,10,1085,0.030708,1,measured
Crime,MC-ODXT,10,1086,0.026542,1,measured
Crime,MC-ODXT,10,1088,0.029834,1,measured
Crime,MC-ODXT,10,1089,0.028833,1,measured
Crime,MC-ODXT,10,1091,0.025709,1,measured
Crime,MC-ODXT,10,1092,0.026625,1,measured
Crime,MC-ODXT,10,1093,0.024125,1,measured
Crime,MC-ODXT,10,1095,0.022625,1,measured
Crime,MC-ODXT,10,1097,0.022375,1,measured
Crime,MC-ODXT,10,1098,0.020291,1,measured
Crime,MC-ODXT,10,1099,0.020209,1,measured
Crime,MC-ODXT,10,1100,0.022001,1,measured
Crime,MC-ODXT,10,1103,0.022959,1,measured
Crime,MC-ODXT,10,1104,0.023751,1,measured
Crime,MC-ODXT,10,1105,0.022125,1,measured
Crime,MC-ODXT,10,1107,0.019042,1,measured
Crime,MC-ODXT,10,1108,0.019708,1,measured
Crime,MC-ODXT,10,1110,0.023334,1,measured
Crime,MC-ODXT,10,1111,0.019208,1,measured
Crime,MC-ODXT,10,1113,0.024792,1,measured
Crime,MC-ODXT,10,1115,0.027418,1,measured
Crime,MC-ODXT,10,1116,0.019084,1,measured
Crime,MC-ODXT,10,1117,0.023584,1,measured
Crime,MC-ODXT,10,1118,0.022126,1,measured
Crime,MC-ODXT,10,1119,0.021999,1,measured
Crime,MC-ODXT,10,1120,0.020459,1,measured
Crime,MC-ODXT,10,1121,0.018791,1,measured
Crime,MC-ODXT,10,1122,0.023958,1,measured
Crime,MC-ODXT,10,1123,0.021291,1,measured
Crime,MC-ODXT,10,1125,0.019375,1,measured
Crime,MC-ODXT,10,1126,0.01725,1,measured
Crime,MC-ODXT,10,1127,0.016291,1,measured
Crime,MC-ODXT,10,1128,0.017124,1,measured
Crime,MC-ODXT,10,1130,0.110792,1,measured
Crime,MC-ODXT,10,1131,0.024124,1,measured
Crime,MC-ODXT,10,1132,0.02325,1,measured
Crime,MC-ODXT,10,1133,0.022418,1,measured
Crime,MC-ODXT,10,1135,0.020625,1,measured
Crime,MC-ODXT,10,1140,0.019708,1,measured
Crime,MC-ODXT,10,1142,0.017083,1,measured
Crime,MC-ODXT,10,1143,0.01825,1,measured
Crime,MC-ODXT,10,1144,0.018458,1,measured
Crime,MC-ODXT,10,1146,0.0185,1,measured
Crime,MC-ODXT,10,1148,0.015667,1,measured
Crime,MC-ODXT,10,1149,0.021166,1,measured
Crime,MC-ODXT,10,1151,0.019917,1,measured
Crime,MC-ODXT,10,1152,0.020917,1,measured
Crime,MC-ODXT,10,1153,0.018709,1,measured
Crime,MC-ODXT,10,1154,0.017791,1,measured
Crime,MC-ODXT,10,1156,0.017042,1,measured
Crime,MC-ODXT,10,1157,0.015709,1,measured
Crime,MC-ODXT,10,1158,0.020626,1,measured
Crime,MC-ODXT,10,1159,0.020541,1,measured
Crime,MC-ODXT,10,1160,0.020917,1,measured
Crime,MC-ODXT,10,1161,0.023251,1,measured
Crime,MC-ODXT,10,1163,0.021333,1,measured
Crime,MC-ODXT,10,1165,0.0205,1,measured
Crime,MC-ODXT,10,1166,0.020001,1,measured
Crime,MC-ODXT,10,1167,0.026125,1,measured
Crime,MC-ODXT,10,1168,0.024584,1,measured
Crime,MC-ODXT,10,1170,0.023542,1,measured
Crime,MC-ODXT,10,1171,0.020916,1,measured
Crime,MC-ODXT,10,1172,0.022625,1,measured
Crime,MC-ODXT,10,1173,0.021167,1,measured
Crime,MC-ODXT,10,1174,0.018125,1,measured
Crime,MC-ODXT,10,1175,0.016542,1,measured
Crime,MC-ODXT,10,1176,0.021459,1,measured
Crime,MC-ODXT,10,1177,0.023084,1,measured
Crime,MC-ODXT,10,1178,0.021293,1,measured
Crime,MC-ODXT,10,1179,0.022542,1,measured
Crime,MC-ODXT,10,1180,0.020792,1,measured
Crime,MC-ODXT,10,1181,0.02475,1,measured
Crime,MC-ODXT,10,1182,0.023084,1,measured
Crime,MC-ODXT,10,1183,0.020625,1,measured
Crime,MC-ODXT,10,1184,0.022917,1,measured
Crime,MC-ODXT,10,1186,0.019291,1,measured
Crime,MC-ODXT,10,1188,0.019208,1,measured
Crime,MC-ODXT,10,1189,0.028584,1,measured
Crime,MC-ODXT,10,1190,0.022708,1,measured
Crime,MC-ODXT,10,1193,0.021792,1,measured
Crime,MC-ODXT,10,1194,0.0215,1,measured
Crime,MC-ODXT,10,1195,0.028708,1,measured
Crime,MC-ODXT,10,1196,0.022167,1,measured
Crime,MC-ODXT,10,1197,0.023334,1,measured
Crime,MC-ODXT,10,1198,0.022501,1,measured
Crime,MC-ODXT,10,1199,0.025542,1,measured
Crime,MC-ODXT,10,1201,0.020625,1,measured
Crime,MC-ODXT,10,1204,0.018709,1,measured
Crime,MC-ODXT,10,1205,0.024417,1,measured
Crime,MC-ODXT,10,1206,0.021958,1,measured
Crime,MC-ODXT,10,1207,0.024375,1,measured
Crime,MC-ODXT,10,1208,0.031209,1,measured
Crime,MC-ODXT,10,1209,0.024458,1,measured
Crime,MC-ODXT,10,1210,0.082168,1,measured
Crime,MC-ODXT,10,1211,0.025792,1,measured
Crime,MC-ODXT,10,1212,0.023708,1,measured
Crime,MC-ODXT,10,1214,0.031626,1,measured
Crime,MC-ODXT,10,1216,0.048333,1,measured
Crime,MC-ODXT,10,1218,0.036291,1,measured
Crime,MC-ODXT,10,1221,0.032417,1,measured
Crime,MC-ODXT,10,1222,0.042709,1,measured
Crime,MC-ODXT,10,1223,0.028334,1,measured
Crime,MC-ODXT,10,1226,0.030416,1,measured
Crime,MC-ODXT,10,1227,0.04975,1,measured
Crime,MC-ODXT,10,1229,0.147542,1,measured
Crime,MC-ODXT,10,1230,0.038709,1,measured
Crime,MC-ODXT,10,1233,0.039083,1,measured
Crime,MC-ODXT,10,1234,0.031541,1,measured
Crime,MC-ODXT,10,1235,0.035,1,measured
Crime,MC-ODXT,10,1236,0.029084,1,measured
Crime,MC-ODXT,10,1237,0.028666,1,measured
Crime,MC-ODXT,10,1238,0.032708,1,measured
Crime,MC-ODXT,10,1239,0.030626,1,measured
Crime,MC-ODXT,10,1240,0.022833,1,measured
Crime,MC-ODXT,10,1241,0.03475,1,measured
Crime,MC-ODXT,10,1242,0.031375,1,measured
Crime,MC-ODXT,10,1243,0.042916,1,measured
Crime,MC-ODXT,10,1244,0.028749,1,measured
Crime,MC-ODXT,10,1245,0.0325,1,measured
Crime,MC-ODXT,10,1246,0.0285,1,measured
Crime,MC-ODXT,10,1249,0.025292,1,measured
Crime,MC-ODXT,10,1250,0.023959,1,measured
Crime,MC-ODXT,10,1255,0.03075,1,measured
Crime,MC-ODXT,10,1257,0.09725,1,measured
Crime,MC-ODXT,10,1258,0.043292,1,measured
Crime,MC-ODXT,10,1259,0.052,1,measured
Crime,MC-ODXT,10,1261,0.037041,1,measured
Crime,MC-ODXT,10,1262,0.037167,1,measured
Crime,MC-ODXT,10,1264,0.037542,1,measured
Crime,MC-ODXT,10,1265,0.045041,1,measured
Crime,MC-ODXT,10,1266,0.059083,1,measured
Crime,MC-ODXT,10,1267,0.068792,1,measured
Crime,MC-ODXT,10,1268,0.032917,1,measured
Crime,MC-ODXT,10,1269,0.028292,1,measured
Crime,MC-ODXT,10,1270,0.065167,1,measured
Crime,MC-ODXT,10,1271,0.057958,1,measured
Crime,MC-ODXT,10,1272,0.065709,1,measured
Crime,MC-ODXT,10,1273,0.055,1,measured
Crime,MC-ODXT,10,1274,0.037917,1,measured
Crime,MC-ODXT,10,1275,0.033166,1,measured
Crime,MC-ODXT,10,1277,0.027333,1,measured
Crime,MC-ODXT,10,1278,0.030209,1,measured
Crime,MC-ODXT,10,1279,0.024917,1,measured
Crime,MC-ODXT,10,1280,0.028875,1,measured
Crime,MC-ODXT,10,1281,0.026166,1,measured
Crime,MC-ODXT,10,1282,0.025916,1,measured
Crime,MC-ODXT,10,1284,0.027958,1,measured
Crime,MC-ODXT,10,1285,0.024333,1,measured
Crime,MC-ODXT,10,1286,0.028791,1,measured
Crime,MC-ODXT,10,1287,0.025332,1,measured
Crime,MC-ODXT,10,1288,0.048541,1,measured
Crime,MC-ODXT,10,1290,0.023625,1,measured
Crime,MC-ODXT,10,1291,0.049624,1,measured
Crime,MC-ODXT,10,1292,0.026292,1,measured
Crime,MC-ODXT,10,1293,0.027417,1,measured
Crime,MC-ODXT,10,1294,0.045249,1,measured
Crime,MC-ODXT,10,1295,0.031875,1,measured
Crime,MC-ODXT,10,1296,0.030708,1,measured
Crime,MC-ODXT,10,1297,0.026959,1,measured
Crime,MC-ODXT,10,1298,0.025083,1,measured
Crime,MC-ODXT,10,1299,0.031292,1,measured
Crime,MC-ODXT,10,1300,0.029833,1,measured
Crime,MC-ODXT,10,1301,0.029208,1,measured
Crime,MC-ODXT,10,1302,0.026333,1,measured
Crime,MC-ODXT,10,1303,0.026041,1,measured
Crime,MC-ODXT,10,1305,0.027333,1,measured
Crime,MC-ODXT,10,1307,0.025417,1,measured
Crime,MC-ODXT,10,1308,0.027625,1,measured
Crime,MC-ODXT,10,1309,0.025208,1,measured
Crime,MC-ODXT,10,1311,0.026376,1,measured
Crime,MC-ODXT,10,1312,0.024333,1,measured
Crime,MC-ODXT,10,1313,0.024332,1,measured
Crime,MC-ODXT,10,1314,0.027207,1,measured
Crime,MC-ODXT,10,1318,0.024791,1,measured
Crime,MC-ODXT,10,1322,0.022208,1,measured
Crime,MC-ODXT,10,1327,0.019793,1,measured
Crime,MC-ODXT,10,1328,0.032376,1,measured
Crime,MC-ODXT,10,1330,0.039833,1,measured
Crime,MC-ODXT,10,1332,0.041168,1,measured
Crime,MC-ODXT,10,1333,0.035876,1,measured
Crime,MC-ODXT,10,1335,0.089667,1,measured
Crime,MC-ODXT,10,1336,0.126249,1,measured
Crime,MC-ODXT,10,1337,0.051333,1,measured
Crime,MC-ODXT,10,1338,1.00271,1,measured
Crime,MC-ODXT,10,1341,0.052668,1,measured
Crime,MC-ODXT,10,1342,0.037958,1,measured
Crime,MC-ODXT,10,1343,0.037417,1,measured
Crime,MC-ODXT,10,1344,0.071083,1,measured
Crime,MC-ODXT,10,1347,0.035208,1,measured
Crime,MC-ODXT,10,1348,0.035084,1,measured
Crime,MC-ODXT,10,1349,0.028333,1,measured
Crime,MC-ODXT,10,1350,0.029959,1,measured
Crime,MC-ODXT,10,1351,0.027166,1,measured
Crime,MC-ODXT,10,1355,0.029416,1,measured
Crime,MC-ODXT,10,1356,0.2145,1,measured
Crime,MC-ODXT,10,1359,0.090041,1,measured
Crime,MC-ODXT,10,1360,0.040501,1,measured
Crime,MC-ODXT,10,1361,0.035875,1,measured
Crime,MC-ODXT,10,1362,0.027625,1,measured
Crime,MC-ODXT,10,1363,0.033083,1,measured
Crime,MC-ODXT,10,1364,0.027041,1,measured
Crime,MC-ODXT,10,1365,0.029292,1,measured
Crime,MC-ODXT,10,1367,0.132167,1,measured
Crime,MC-ODXT,10,1369,0.034583,1,measured
Crime,MC-ODXT,10,1370,0.033666,1,measured
Crime,MC-ODXT,10,1371,0.036291,1,measured
Crime,MC-ODXT,10,1373,0.056001,1,measured
Crime,MC-ODXT,10,1375,0.029917,1,measured
Crime,MC-ODXT,10,1376,0.031292,1,measured
Crime,MC-ODXT,10,1379,0.030751,1,measured
Crime,MC-ODXT,10,1380,0.027751,1,measured
Crime,MC-ODXT,10,1381,0.026332,1,measured
Crime,MC-ODXT,10,1386,0.028834,1,measured
Crime,MC-ODXT,10,1388,0.029041,1,measured
Crime,MC-ODXT,10,1389,0.025084,1,measured
Crime,MC-ODXT,10,1391,0.023958,1,measured
Crime,MC-ODXT,10,1397,0.027959,1,measured
Crime,MC-ODXT,10,1398,0.028708,1,measured
Crime,MC-ODXT,10,1400,0.030917,1,measured
Crime,MC-ODXT,10,1402,0.024709,1,measured
Crime,MC-ODXT,10,1403,0.02675,1,measured
Crime,MC-ODXT,10,1408,0.030416,1,measured
Crime,MC-ODXT,10,1410,0.028,1,measured
Crime,MC-ODXT,10,1414,0.034999,1,measured
Crime,MC-ODXT,10,1415,0.026291,1,measured
Crime,MC-ODXT,10,1417,0.028458,1,measured
Crime,MC-ODXT,10,1418,0.024208,1,measured
Crime,MC-ODXT,10,1419,0.027541,1,measured
Crime,MC-ODXT,10,1420,0.024416,1,measured
Crime,MC-ODXT,10,1423,0.026749,1,measured
Crime,MC-ODXT,10,1424,0.021,1,measured
Crime,MC-ODXT,10,1428,0.025499,1,measured
Crime,MC-ODXT,10,1429,0.022875,1,measured
Crime,MC-ODXT,10,1431,0.024917,1,measured
Crime,MC-ODXT,10,1434,0.023958,1,measured
Crime,MC-ODXT,10,1435,0.023999,1,measured
Crime,MC-ODXT,10,1438,0.022124,1,measured
Crime,MC-ODXT,10,1439,0.022042,1,measured
Crime,MC-ODXT,10,1442,0.052417,1,measured
Crime,MC-ODXT,10,1445,0.024625,1,measured
Crime,MC-ODXT,10,1449,0.021125,1,measured
Crime,MC-ODXT,10,1451,0.031376,1,measured
Crime,MC-ODXT,10,1452,0.022709,1,measured
Crime,MC-ODXT,10,1453,0.024458,1,measured
Crime,MC-ODXT,10,1454,0.029001,1,measured
Crime,MC-ODXT,10,1458,0.026374,1,measured
Crime,MC-ODXT,10,1460,0.021792,1,measured
Crime,MC-ODXT,10,1463,0.021625,1,measured
Crime,MC-ODXT,10,1464,0.023,1,measured
Crime,MC-ODXT,10,1466,0.021334,1,measured
Crime,MC-ODXT,10,1467,0.023708,1,measured
Crime,MC-ODXT,10,1468,0.02325,1,measured
Crime,MC-ODXT,10,1469,0.026708,1,measured
Crime,MC-ODXT,10,1470,0.031791,1,measured
Crime,MC-ODXT,10,1471,0.029041,1,measured
Crime,MC-ODXT,10,1475,0.031251,1,measured
Crime,MC-ODXT,10,1476,0.031042,1,measured
Crime,MC-ODXT,10,1478,0.032125,1,measured
Crime,MC-ODXT,10,1480,0.027416,1,measured
Crime,MC-ODXT,10,1481,0.023417,1,measured
Crime,MC-ODXT,10,1482,0.023791,1,measured
Crime,MC-ODXT,10,1483,0.021917,1,measured
Crime,MC-ODXT,10,1488,0.022958,1,measured
Crime,MC-ODXT,10,1490,0.022625,1,measured
Crime,MC-ODXT,10,1491,0.020666,1,measured
Crime,MC-ODXT,10,1494,0.01975,1,measured
Crime,MC-ODXT,10,1498,0.024168,1,measured
Crime,MC-ODXT,10,1501,0.02425,1,measured
Crime,MC-ODXT,10,1502,0.022833,1,measured
Crime,MC-ODXT,10,1503,0.023209,1,measured
Crime,MC-ODXT,10,1506,0.030292,1,measured
Crime,MC-ODXT,10,1509,0.0265,1,measured
Crime,MC-ODXT,10,1510,0.026959,1,measured
Crime,MC-ODXT,10,1511,0.022375,1,measured
Crime,MC-ODXT,10,1518,0.021209,1,measured
Crime,MC-ODXT,10,1520,0.024208,1,measured
Crime,MC-ODXT,10,1521,0.022542,1,measured
Crime,MC-ODXT,10,1523,0.021625,1,measured
Crime,MC-ODXT,10,1527,0.026751,1,measured
Crime,MC-ODXT,10,1528,0.024,1,measured
Crime,MC-ODXT,10,1529,0.025208,1,measured
Crime,MC-ODXT,10,1531,0.023916,1,measured
Crime,MC-ODXT,10,1532,0.021625,1,measured
Crime,MC-ODXT,10,1533,0.022084,1,measured
Crime,MC-ODXT,10,1535,0.02775,1,measured
Crime,MC-ODXT,10,1536,0.024583,1,measured
Crime,MC-ODXT,10,1538,0.023042,1,measured
Crime,MC-ODXT,10,1539,0.020333,1,measured
Crime,MC-ODXT,10,1541,0.020167,1,measured
Crime,MC-ODXT,10,1542,0.026542,1,measured
Crime,MC-ODXT,10,1546,0.023791,1,measured
Crime,MC-ODXT,10,1552,0.023959,1,measured
Crime,MC-ODXT,10,1553,0.02275,1,measured
Crime,MC-ODXT,10,1557,0.026416,1,measured
Crime,MC-ODXT,10,1558,0.020208,1,measured
Crime,MC-ODXT,10,1559,0.025042,1,measured
Crime,MC-ODXT,10,1560,0.022542,1,measured
Crime,MC-ODXT,10,1563,0.023542,1,measured
Crime,MC-ODXT,10,1568,0.022333,1,measured
Crime,MC-ODXT,10,1569,0.024833,1,measured
Crime,MC-ODXT,10,1572,0.033625,1,measured
Crime,MC-ODXT,10,1580,0.044542,1,measured
Crime,MC-ODXT,10,1582,0.034209,1,measured
Crime,MC-ODXT,10,1585,0.037541,1,measured
Crime,MC-ODXT,10,1588,0.085749,1,measured
Crime,MC-ODXT,10,1590,0.040416,1,measured
Crime,MC-ODXT,10,1591,0.039667,1,measured
Crime,MC-ODXT,10,1594,0.035917,1,measured
Crime,MC-ODXT,10,1596,0.035167,1,measured
Crime,MC-ODXT,10,1597,0.031084,1,measured
Crime,MC-ODXT,10,1601,0.047125,1,measured
Crime,MC-ODXT,10,1603,0.070458,1,measured
Crime,MC-ODXT,10,1610,0.037041,1,measured
Crime,MC-ODXT,10,1611,0.037959,1,measured
Crime,MC-ODXT,10,1616,0.033875,1,measured
Crime,MC-ODXT,10,1627,0.029417,1,measured
Crime,MC-ODXT,10,1628,0.025375,1,measured
Crime,MC-ODXT,10,1629,0.0265,1,measured
Crime,MC-ODXT,10,1636,0.023499,1,measured
Crime,MC-ODXT,10,1637,0.026,1,measured
Crime,MC-ODXT,10,1639,0.027792,1,measured
Crime,MC-ODXT,10,1642,0.032126,1,measured
Crime,MC-ODXT,10,1643,0.029625,1,measured
Crime,MC-ODXT,10,1647,0.0325,1,measured
Crime,MC-ODXT,10,1654,0.036458,1,measured
Crime,MC-ODXT,10,1655,0.033708,1,measured
Crime,MC-ODXT,10,1656,0.060458,1,measured
Crime,MC-ODXT,10,1657,0.036333,1,measured
Crime,MC-ODXT,10,1659,0.030125,1,measured
Crime,MC-ODXT,10,1660,0.063041,1,measured
Crime,MC-ODXT,10,1663,0.033084,1,measured
Crime,MC-ODXT,10,1664,0.027958,1,measured
Crime,MC-ODXT,10,1669,0.030876,1,measured
Crime,MC-ODXT,10,1673,0.024,1,measured
Crime,MC-ODXT,10,1675,0.025166,1,measured
Crime,MC-ODXT,10,1682,0.028251,1,measured
Crime,MC-ODXT,10,1684,0.024875,1,measured
Crime,MC-ODXT,10,1685,0.027458,1,measured
Crime,MC-ODXT,10,1686,0.029624,1,measured
Crime,MC-ODXT,10,1688,0.027667,1,measured
Crime,MC-ODXT,10,1692,0.029834,1,measured
Crime,MC-ODXT,10,1693,0.029292,1,measured
Crime,MC-ODXT,10,1700,0.034458,1,measured
Crime,MC-ODXT,10,1702,0.02375,1,measured
Crime,MC-ODXT,10,1708,0.028292,1,measured
Crime,MC-ODXT,10,1709,0.026917,1,measured
Crime,MC-ODXT,10,1710,0.031917,1,measured
Crime,MC-ODXT,10,1712,0.028875,1,measured
Crime,MC-ODXT,10,1713,0.027417,1,measured
Crime,MC-ODXT,10,1714,0.028125,1,measured
Crime,MC-ODXT,10,1715,0.024709,1,measured
Crime,MC-ODXT,10,1716,0.030459,1,measured
Crime,MC-ODXT,10,1719,0.025,1,measured
Crime,MC-ODXT,10,1720,0.02875,1,measured
Crime,MC-ODXT,10,1721,0.031458,1,measured
Crime,MC-ODXT,10,1722,0.024292,1,measured
Crime,MC-ODXT,10,1723,0.026709,1,measured
Crime,MC-ODXT,10,1726,0.027958,1,measured
Crime,MC-ODXT,10,1727,0.043333,1,measured
Crime,MC-ODXT,10,1734,0.027125,1,measured
Crime,MC-ODXT,10,1736,0.034666,1,measured
Crime,MC-ODXT,10,1741,0.030166,1,measured
Crime,MC-ODXT,10,1744,0.030874,1,measured
Crime,MC-ODXT,10,1748,0.028625,1,measured
Crime,MC-ODXT,10,1750,0.026833,1,measured
Crime,MC-ODXT,10,1752,0.032249,1,measured
Crime,MC-ODXT,10,1753,0.026209,1,measured
Crime,MC-ODXT,10,1758,0.029167,1,measured
Crime,MC-ODXT,10,1760,0.027333,1,measured
Crime,MC-ODXT,10,1763,0.027292,1,measured
Crime,MC-ODXT,10,1769,0.030459,1,measured
Crime,MC-ODXT,10,1773,0.025666,1,measured
Crime,MC-ODXT,10,1778,0.024918,1,measured
Crime,MC-ODXT,10,1780,0.029666,1,measured
Crime,MC-ODXT,10,1784,0.032167,1,measured
Crime,MC-ODXT,10,1785,0.03175,1,measured
Crime,MC-ODXT,10,1786,0.043542,1,measured
Crime,MC-ODXT,10,1787,0.035834,1,measured
Crime,MC-ODXT,10,1801,0.029417,1,measured
Crime,MC-ODXT,10,1809,0.029125,1,measured
Crime,MC-ODXT,10,1811,0.028667,1,measured
Crime,MC-ODXT,10,1820,0.029958,1,measured
Crime,MC-ODXT,10,1830,0.030875,1,measured
Crime,MC-ODXT,10,1841,0.027875,1,measured
Crime,MC-ODXT,10,1844,0.025542,1,measured
Crime,MC-ODXT,10,1847,0.027416,1,measured
Crime,MC-ODXT,10,1848,0.041166,1,measured
Crime,MC-ODXT,10,1849,0.038584,1,measured
Crime,MC-ODXT,10,1851,0.063583,1,measured
Crime,MC-ODXT,10,1852,0.082208,1,measured
Crime,MC-ODXT,10,1854,0.036583,1,measured
Crime,MC-ODXT,10,1855,0.033374,1,measured
Crime,MC-ODXT,10,1857,0.032501,1,measured
Crime,MC-ODXT,10,1872,0.029291,1,measured
Crime,MC-ODXT,10,1878,0.0295,1,measured
Crime,MC-ODXT,10,1890,0.032458,1,measured
Crime,MC-ODXT,10,1900,0.026583,1,measured
Crime,MC-ODXT,10,1913,0.029875,1,measured
Crime,MC-ODXT,10,1919,0.042875,1,measured
Crime,MC-ODXT,10,1920,0.030834,1,measured
Crime,MC-ODXT,10,1925,0.055709,1,measured
Crime,MC-ODXT,10,1939,0.033626,1,measured
Crime,MC-ODXT,10,1943,0.044833,1,measured
Crime,MC-ODXT,10,1946,0.03225,1,measured
Crime,MC-ODXT,10,1947,0.034792,1,measured
Crime,MC-ODXT,10,1951,0.036584,1,measured
Crime,MC-ODXT,10,1959,0.038667,1,measured
Crime,MC-ODXT,10,1967,0.032167,1,measured
Crime,MC-ODXT,10,1970,0.029875,1,measured
Crime,MC-ODXT,10,1988,0.032917,1,measured
Crime,MC-ODXT,10,1989,0.042333,1,measured
Crime,MC-ODXT,10,1992,0.031791,1,measured
Crime,MC-ODXT,10,1998,0.028417,1,measured
Crime,MC-ODXT,10,2005,0.071167,1,measured
Crime,MC-ODXT,10,2016,0.029082,1,measured
Crime,MC-ODXT,10,2018,0.035334,1,measured
Crime,MC-ODXT,10,2019,0.073,1,measured
Crime,MC-ODXT,10,2021,0.037792,1,measured
Crime,MC-ODXT,10,2027,0.029832,1,measured
Crime,MC-ODXT,10,2031,0.02975,1,measured
Crime,MC-ODXT,10,2033,0.030917,1,measured
Crime,MC-ODXT,10,2048,0.029,1,measured
Crime,MC-ODXT,10,2050,0.03025,1,measured
Crime,MC-ODXT,10,2059,0.038749,1,measured
Crime,MC-ODXT,10,2062,0.024333,1,measured
Crime,MC-ODXT,10,2072,0.025666,1,measured
Crime,MC-ODXT,10,2083,0.027625,1,measured
Crime,MC-ODXT,10,2090,0.025458,1,measured
Crime,MC-ODXT,10,2097,0.025167,1,measured
Crime,MC-ODXT,10,2098,0.041,1,measured
Crime,MC-ODXT,10,2101,0.022833,1,measured
Crime,MC-ODXT,10,2105,0.029501,1,measured
Crime,MC-ODXT,10,2109,0.029125,1,measured
Crime,MC-ODXT,10,2112,0.025917,1,measured
Crime,MC-ODXT,10,2114,0.023749,1,measured
Crime,MC-ODXT,10,2115,0.025584,1,measured
Crime,MC-ODXT,10,2118,0.027,1,measured
Crime,MC-ODXT,10,2140,0.024792,1,measured
Crime,MC-ODXT,10,2141,0.024707,1,measured
Crime,MC-ODXT,10,2159,0.021292,1,measured
Crime,MC-ODXT,10,2160,0.020542,1,measured
Crime,MC-ODXT,10,2168,0.023917,1,measured
Crime,MC-ODXT,10,2175,0.028125,1,measured
Crime,MC-ODXT,10,2183,0.035417,1,measured
Crime,MC-ODXT,10,2189,0.027458,1,measured
Crime,MC-ODXT,10,2193,0.028917,1,measured
Crime,MC-ODXT,10,2206,0.040666,1,measured
Crime,MC-ODXT,10,2221,0.023709,1,measured
Crime,MC-ODXT,10,2223,0.027083,1,measured
Crime,MC-ODXT,10,2225,0.028459,1,measured
Crime,MC-ODXT,10,2226,0.039667,1,measured
Crime,MC-ODXT,10,2228,0.033541,1,measured
Crime,MC-ODXT,10,2243,0.032416,1,measured
Crime,MC-ODXT,10,2244,0.020792,1,measured
Crime,MC-ODXT,10,2250,0.020583,1,measured
Crime,MC-ODXT,10,2255,0.025,1,measured
Crime,MC-ODXT,10,2271,0.023958,1,measured
Crime,MC-ODXT,10,2276,0.025208,1,measured
Crime,MC-ODXT,10,2277,0.02525,1,measured
Crime,MC-ODXT,10,2284,0.024918,1,measured
Crime,MC-ODXT,10,2287,0.022917,1,measured
Crime,MC-ODXT,10,2292,0.026792,1,measured
Crime,MC-ODXT,10,2306,0.022374,1,measured
Crime,MC-ODXT,10,2313,0.020542,1,measured
Crime,MC-ODXT,10,2316,0.031042,1,measured
Crime,MC-ODXT,10,2320,0.024458,1,measured
Crime,MC-ODXT,10,2321,0.044542,1,measured
Crime,MC-ODXT,10,2324,0.040791,1,measured
Crime,MC-ODXT,10,2329,0.028125,1,measured
Crime,MC-ODXT,10,2336,0.024376,1,measured
Crime,MC-ODXT,10,2377,0.027334,1,measured
Crime,MC-ODXT,10,2381,0.026833,1,measured
Crime,MC-ODXT,10,2393,0.025167,1,measured
Crime,MC-ODXT,10,2399,0.022625,1,measured
Crime,MC-ODXT,10,2402,0.022084,1,measured
Crime,MC-ODXT,10,2433,0.023417,1,measured
Crime,MC-ODXT,10,2447,0.041584,1,measured
Crime,MC-ODXT,10,2449,0.0265,1,measured
Crime,MC-ODXT,10,2456,0.026708,1,measured
Crime,MC-ODXT,10,2467,0.023292,1,measured
Crime,MC-ODXT,10,2469,0.020916,1,measured
Crime,MC-ODXT,10,2484,0.022292,1,measured
Crime,MC-ODXT,10,2485,0.025542,1,measured
Crime,MC-ODXT,10,2495,0.024,1,measured
Crime,MC-ODXT,10,2499,0.025334,1,measured
Crime,MC-ODXT,10,2505,0.051083,1,measured
Crime,MC-ODXT,10,2518,0.028959,1,measured
Crime,MC-ODXT,10,2519,0.037125,1,measured
Crime,MC-ODXT,10,2526,0.034084,1,measured
Crime,MC-ODXT,10,2527,0.027917,1,measured
Crime,MC-ODXT,10,2572,0.026625,1,measured
Crime,MC-ODXT,10,2588,0.030459,1,measured
Crime,MC-ODXT,10,2605,0.019541,1,measured
Crime,MC-ODXT,10,2606,0.020999,1,measured
Crime,MC-ODXT,10,2613,0.023666,1,measured
Crime,MC-ODXT,10,2614,0.018667,1,measured
Crime,MC-ODXT,10,2632,0.021,1,measured
Crime,MC-ODXT,10,2648,0.026,1,measured
Crime,MC-ODXT,10,2699,0.025792,1,measured
Crime,MC-ODXT,10,2707,0.020917,1,measured
Crime,MC-ODXT,10,2724,0.026541,1,measured
Crime,MC-ODXT,10,2730,0.020916,1,measured
Crime,MC-ODXT,10,2734,0.025208,1,measured
Crime,MC-ODXT,10,2753,0.020749,1,measured
Crime,MC-ODXT,10,2758,0.024543,1,measured
Crime,MC-ODXT,10,2798,0.030792,1,measured
Crime,MC-ODXT,10,2828,0.024208,1,measured
Crime,MC-ODXT,10,2853,0.021042,1,measured
Crime,MC-ODXT,10,2874,0.019417,1,measured
Crime,MC-ODXT,10,2876,0.022084,1,measured
Crime,MC-ODXT,10,2927,0.033625,1,measured
Crime,MC-ODXT,10,2964,0.022792,1,measured
Crime,MC-ODXT,10,2967,0.02475,1,measured
Crime,MC-ODXT,10,2975,0.020792,1,measured
Crime,MC-ODXT,10,2987,0.021707,1,measured
Crime,MC-ODXT,10,2992,0.026,1,measured
Crime,MC-ODXT,10,3055,0.033917,1,measured
Crime,MC-ODXT,10,3061,0.026875,1,measured
Crime,MC-ODXT,10,3070,0.079041,1,measured
Crime,MC-ODXT,10,3110,0.030332,1,measured
Crime,MC-ODXT,10,3162,0.027333,1,measured
Crime,MC-ODXT,10,3174,0.025124,1,measured
Crime,MC-ODXT,10,3175,0.028459,1,measured
Crime,MC-ODXT,10,3191,0.027418,1,measured
Crime,MC-ODXT,10,3211,0.028375,1,measured
Crime,MC-ODXT,10,3251,0.032333,1,measured
Crime,MC-ODXT,10,3294,0.026833,1,measured
Crime,MC-ODXT,10,3315,0.030333,1,measured
Crime,MC-ODXT,10,3331,0.022417,1,measured
Crime,MC-ODXT,10,3359,0.070874,1,measured
Crime,MC-ODXT,10,3375,0.028208,1,measured
Crime,MC-ODXT,10,3396,0.022126,1,measured
Crime,MC-ODXT,10,3404,0.042876,1,measured
Crime,MC-ODXT,10,3414,0.027541,1,measured
Crime,MC-ODXT,10,3426,0.027209,1,measured
Crime,MC-ODXT,10,3556,0.042458,1,measured
Crime,MC-ODXT,10,3608,0.036459,1,measured
Crime,MC-ODXT,10,3635,0.035875,1,measured
Crime,MC-ODXT,10,3640,0.033625,1,measured
Crime,MC-ODXT,10,3683,0.084542,1,measured
Crime,MC-ODXT,10,3701,0.0335,1,measured
Crime,MC-ODXT,10,3711,0.0295,1,measured
Crime,MC-ODXT,10,3815,0.051875,1,measured
Crime,MC-ODXT,10,3879,0.041833,1,measured
Crime,MC-ODXT,10,3880,0.042543,1,measured
Crime,MC-ODXT,10,3883,0.038667,1,measured
Crime,MC-ODXT,10,3898,0.028874,1,measured
Crime,MC-ODXT,10,3935,0.027125,1,measured
Crime,MC-ODXT,10,4023,0.046583,1,measured
Crime,MC-ODXT,10,4169,0.043583,1,measured
Crime,MC-ODXT,10,4231,0.032,1,measured
Crime,MC-ODXT,10,4421,0.031917,1,measured
Crime,MC-ODXT,10,4427,0.027042,1,measured
Crime,MC-ODXT,10,4489,0.020708,1,measured
Crime,MC-ODXT,10,4563,0.033334,1,measured
Crime,MC-ODXT,10,4728,0.03,1,measured
Crime,MC-ODXT,10,5274,0.020458,1,measured
Crime,MC-ODXT,10,5726,0.020541,1,measured
Crime,MC-ODXT,10,6135,0.021584,1,measured
Crime,MC-ODXT,10,6969,0.026791,1,measured
Crime,MC-ODXT,10,9411,0.022375,1,measured
Crime,MC-ODXT,10,9518,0.025208,1,measured
Crime,MC-ODXT,10,10268,0.025043,1,measured
Crime,MC-ODXT,10,15868,0.035834,1,measured
Crime,MC-ODXT,10,16644,0.044,1,measured
