dataset,scheme,upd_w1,upd_w2,client_search_time_ms,repeat
Wiki,Nomos,10,1,6.89229,1
Wiki,Nomos,10,2,9.51338,1
Wiki,Nomos,10,3,27.291,1
Wiki,Nomos,10,4,14.923,1
Wiki,Nomos,10,5,24.5404,1
Wiki,Nomos,10,6,21.1159,1
Wiki,Nomos,10,7,24.709,1
Wiki,Nomos,10,8,25.4072,1
Wiki,Nomos,10,9,37.5968,1
Wiki,Nomos,10,10,33.0013,1
Wiki,Nomos,10,11,36.8672,1
Wiki,Nomos,10,12,50.4749,1
Wiki,Nomos,10,13,77.2349,1
Wiki,Nomos,10,14,73.9063,1
Wiki,Nomos,10,15,73.7516,1
Wiki,Nomos,10,16,75.0291,1
Wiki,Nomos,10,17,64.9781,1
Wiki,Nomos,10,18,44.2503,1
Wiki,Nomos,10,19,45.6163,1
Wiki,Nomos,10,20,61.4668,1
Wiki,Nomos,10,21,38.7377,1
Wiki,Nomos,10,22,34.0334,1
Wiki,Nomos,10,23,30.5765,1
Wiki,Nomos,10,24,39.9687,1
Wiki,Nomos,10,25,31.1629,1
Wiki,Nomos,10,26,30.4826,1
Wiki,Nomos,10,27,29.5299,1
Wiki,Nomos,10,28,32.7954,1
Wiki,Nomos,10,29,32.0736,1
Wiki,Nomos,10,30,30.3996,1
Wiki,Nomos,10,31,30.7928,1
Wiki,Nomos,10,32,33.1123,1
Wiki,Nomos,10,33,30.9805,1
Wiki,Nomos,10,34,30.34,1
Wiki,Nomos,10,35,30.7976,1
Wiki,Nomos,10,36,30.5519,1
Wiki,Nomos,10,37,32.4957,1
Wiki,Nomos,10,38,29.4499,1
Wiki,Nomos,10,39,30.4014,1
Wiki,Nomos,10,40,29.7699,1
Wiki,Nomos,10,41,30.7834,1
Wiki,Nomos,10,42,31.3836,1
Wiki,Nomos,10,43,30.263,1
Wiki,Nomos,10,44,33.1131,1
Wiki,Nomos,10,45,33.2922,1
Wiki,Nomos,10,46,33.1228,1
Wiki,Nomos,10,47,31.496,1
Wiki,Nomos,10,48,31.0413,1
Wiki,Nomos,10,49,35.5113,1
Wiki,Nomos,10,50,31.702,1
Wiki,Nomos,10,51,31.375,1
Wiki,Nomos,10,52,34.3695,1
Wiki,Nomos,10,53,36.166,1
Wiki,Nomos,10,54,37.0849,1
Wiki,Nomos,10,55,38.33,1
Wiki,Nomos,10,56,39.2252,1
Wiki,Nomos,10,57,34.6746,1
Wiki,Nomos,10,58,37.2227,1
Wiki,Nomos,10,59,31.953,1
Wiki,Nomos,10,60,36.5165,1
Wiki,Nomos,10,61,33.0069,1
Wiki,Nomos,10,62,34.0937,1
Wiki,Nomos,10,63,33.1052,1
Wiki,Nomos,10,64,35.3105,1
Wiki,Nomos,10,65,40.301,1
Wiki,Nomos,10,66,36.835,1
Wiki,Nomos,10,67,30.6262,1
Wiki,Nomos,10,68,31.039,1
Wiki,Nomos,10,69,32.3266,1
Wiki,Nomos,10,70,57.1779,1
Wiki,Nomos,10,71,36.9524,1
Wiki,Nomos,10,72,44.1917,1
Wiki,Nomos,10,73,31.4126,1
Wiki,Nomos,10,74,29.7279,1
Wiki,Nomos,10,75,31.5452,1
Wiki,Nomos,10,76,41.6078,1
Wiki,Nomos,10,77,45.5714,1
Wiki,Nomos,10,78,36.7236,1
Wiki,Nomos,10,79,32.0253,1
Wiki,Nomos,10,80,32.184,1
Wiki,Nomos,10,81,31.4295,1
Wiki,Nomos,10,82,32.3051,1
Wiki,Nomos,10,83,31.14,1
Wiki,Nomos,10,84,33.087,1
Wiki,Nomos,10,85,37.3315,1
Wiki,Nomos,10,86,31.5161,1
Wiki,Nomos,10,87,36.5178,1
Wiki,Nomos,10,88,31.5287,1
Wiki,Nomos,10,89,30.645,1
Wiki,Nomos,10,90,31.5618,1
Wiki,Nomos,10,91,31.6224,1
Wiki,Nomos,10,92,29.8765,1
Wiki,Nomos,10,93,31.5655,1
Wiki,Nomos,10,94,29.7427,1
Wiki,Nomos,10,95,30.7009,1
Wiki,Nomos,10,96,30.1695,1
Wiki,Nomos,10,97,29.5236,1
Wiki,Nomos,10,98,30.6798,1
Wiki,Nomos,10,99,29.3176,1
Wiki,Nomos,10,100,30.3656,1
Wiki,Nomos,10,101,29.4162,1
Wiki,Nomos,10,102,29.5375,1
Wiki,Nomos,10,103,31.1958,1
Wiki,Nomos,10,104,29.8458,1
Wiki,Nomos,10,105,32.5093,1
Wiki,Nomos,10,106,29.8055,1
Wiki,Nomos,10,107,30.441,1
Wiki,Nomos,10,108,29.8053,1
Wiki,Nomos,10,109,30.5385,1
Wiki,Nomos,10,110,31.8295,1
Wiki,Nomos,10,111,30.9723,1
Wiki,Nomos,10,112,30.8865,1
Wiki,Nomos,10,113,29.0004,1
Wiki,Nomos,10,114,30.5477,1
Wiki,Nomos,10,115,29.4228,1
Wiki,Nomos,10,116,38.101,1
Wiki,Nomos,10,117,29.1916,1
Wiki,Nomos,10,118,29.5308,1
Wiki,Nomos,10,119,30.2634,1
Wiki,Nomos,10,120,30.1528,1
Wiki,Nomos,10,121,29.4547,1
Wiki,Nomos,10,122,30.377,1
Wiki,Nomos,10,123,29.5499,1
Wiki,Nomos,10,124,30.0514,1
Wiki,Nomos,10,125,28.9193,1
Wiki,Nomos,10,126,29.8976,1
Wiki,Nomos,10,127,30.3345,1
Wiki,Nomos,10,128,29.8296,1
Wiki,Nomos,10,129,30.2547,1
Wiki,Nomos,10,130,29.5022,1
Wiki,Nomos,10,131,32.4748,1
Wiki,Nomos,10,132,33.461,1
Wiki,Nomos,10,133,32.8809,1
Wiki,Nomos,10,134,33.1535,1
Wiki,Nomos,10,135,49.8065,1
Wiki,Nomos,10,136,32.3206,1
Wiki,Nomos,10,137,31.531,1
Wiki,Nomos,10,138,29.2815,1
Wiki,Nomos,10,139,29.8588,1
Wiki,Nomos,10,140,29.5778,1
Wiki,Nomos,10,141,28.9785,1
Wiki,Nomos,10,142,29.8837,1
Wiki,Nomos,10,143,29.5246,1
Wiki,Nomos,10,144,28.959,1
Wiki,Nomos,10,145,32.3709,1
Wiki,Nomos,10,146,29.4139,1
Wiki,Nomos,10,147,29.85,1
Wiki,Nomos,10,148,29.7274,1
Wiki,Nomos,10,149,29.8635,1
Wiki,Nomos,10,150,29.6086,1
Wiki,Nomos,10,151,29.9861,1
Wiki,Nomos,10,152,28.8421,1
Wiki,Nomos,10,153,29.8447,1
Wiki,Nomos,10,154,29.7279,1
Wiki,Nomos,10,155,29.6717,1
Wiki,Nomos,10,156,30.4271,1
Wiki,Nomos,10,157,29.849,1
Wiki,Nomos,10,158,32.0461,1
Wiki,Nomos,10,159,29.4884,1
Wiki,Nomos,10,160,30.5102,1
Wiki,Nomos,10,161,30.266,1
Wiki,Nomos,10,162,32.1012,1
Wiki,Nomos,10,163,29.694,1
Wiki,Nomos,10,164,29.3373,1
Wiki,Nomos,10,165,35.7722,1
Wiki,Nomos,10,166,34.5448,1
Wiki,Nomos,10,167,30.3865,1
Wiki,Nomos,10,168,30.2204,1
Wiki,Nomos,10,169,30.4902,1
Wiki,Nomos,10,170,29.9018,1
Wiki,Nomos,10,171,29.9206,1
Wiki,Nomos,10,172,29.6329,1
Wiki,Nomos,10,173,28.958,1
Wiki,Nomos,10,174,29.4561,1
Wiki,Nomos,10,175,35.3385,1
Wiki,Nomos,10,176,31.0766,1
Wiki,Nomos,10,177,30.83,1
Wiki,Nomos,10,178,29.7532,1
Wiki,Nomos,10,179,29.3645,1
Wiki,Nomos,10,180,29.9559,1
Wiki,Nomos,10,181,29.9948,1
Wiki,Nomos,10,182,30.908,1
Wiki,Nomos,10,183,31.6551,1
Wiki,Nomos,10,184,30.8504,1
Wiki,Nomos,10,185,29.7886,1
Wiki,Nomos,10,186,30.7594,1
Wiki,Nomos,10,187,29.833,1
Wiki,Nomos,10,188,31.874,1
Wiki,Nomos,10,189,30.3035,1
Wiki,Nomos,10,190,29.805,1
Wiki,Nomos,10,191,29.8117,1
Wiki,Nomos,10,192,29.0149,1
Wiki,Nomos,10,193,34.2792,1
Wiki,Nomos,10,194,32.8316,1
Wiki,Nomos,10,195,30.6371,1
Wiki,Nomos,10,196,29.3069,1
Wiki,Nomos,10,197,29.8824,1
Wiki,Nomos,10,198,30.2177,1
Wiki,Nomos,10,199,29.9529,1
Wiki,Nomos,10,200,30.5551,1
Wiki,Nomos,10,201,28.6985,1
Wiki,Nomos,10,202,29.9625,1
Wiki,Nomos,10,203,29.7767,1
Wiki,Nomos,10,204,29.6563,1
Wiki,Nomos,10,205,30.2321,1
Wiki,Nomos,10,206,30.731,1
Wiki,Nomos,10,207,29.5996,1
Wiki,Nomos,10,208,35.1012,1
Wiki,Nomos,10,209,45.4472,1
Wiki,Nomos,10,210,31.4616,1
Wiki,Nomos,10,211,29.6963,1
Wiki,Nomos,10,212,30.2118,1
Wiki,Nomos,10,213,30.6377,1
Wiki,Nomos,10,214,36.3607,1
Wiki,Nomos,10,215,29.3567,1
Wiki,Nomos,10,216,30.2729,1
Wiki,Nomos,10,217,30.7618,1
Wiki,Nomos,10,218,30.7327,1
Wiki,Nomos,10,219,29.6172,1
Wiki,Nomos,10,220,29.5565,1
Wiki,Nomos,10,221,29.2991,1
Wiki,Nomos,10,222,43.119,1
Wiki,Nomos,10,223,31.341,1
Wiki,Nomos,10,224,30.9779,1
Wiki,Nomos,10,225,33.5075,1
Wiki,Nomos,10,226,32.3973,1
Wiki,Nomos,10,227,29.202,1
Wiki,Nomos,10,228,30.4651,1
Wiki,Nomos,10,229,30.9216,1
Wiki,Nomos,10,230,32.9907,1
Wiki,Nomos,10,231,30.4473,1
Wiki,Nomos,10,232,30.283,1
Wiki,Nomos,10,233,30.7769,1
Wiki,Nomos,10,234,31.1481,1
Wiki,Nomos,10,235,29.7497,1
Wiki,Nomos,10,236,29.5106,1
Wiki,Nomos,10,237,30.2691,1
Wiki,Nomos,10,238,29.0865,1
Wiki,Nomos,10,239,31.6167,1
Wiki,Nomos,10,240,28.6058,1
Wiki,Nomos,10,241,30.1742,1
Wiki,Nomos,10,242,29.856,1
Wiki,Nomos,10,243,30.3386,1
Wiki,Nomos,10,244,29.6963,1
Wiki,Nomos,10,245,52.9029,1
Wiki,Nomos,10,246,30.5855,1
Wiki,Nomos,10,247,29.6009,1
Wiki,Nomos,10,248,31.6403,1
Wiki,Nomos,10,249,29.4035,1
Wiki,Nomos,10,250,29.262,1
Wiki,Nomos,10,251,29.9561,1
Wiki,Nomos,10,252,29.408,1
Wiki,Nomos,10,253,31.4193,1
Wiki,Nomos,10,254,28.8907,1
Wiki,Nomos,10,255,29.6372,1
Wiki,Nomos,10,256,30.1677,1
Wiki,Nomos,10,257,40.753,1
Wiki,Nomos,10,258,32.8793,1
Wiki,Nomos,10,259,29.965,1
Wiki,Nomos,10,260,30.5615,1
Wiki,Nomos,10,261,30.5652,1
Wiki,Nomos,10,262,30.2263,1
Wiki,Nomos,10,263,31.1194,1
Wiki,Nomos,10,264,30.543,1
Wiki,Nomos,10,265,30.0349,1
Wiki,Nomos,10,266,29.411,1
Wiki,Nomos,10,267,29.7089,1
Wiki,Nomos,10,268,29.4159,1
Wiki,Nomos,10,269,29.6275,1
Wiki,Nomos,10,270,30.0304,1
Wiki,Nomos,10,271,29.7974,1
Wiki,Nomos,10,272,30.0922,1
Wiki,Nomos,10,273,30.2085,1
Wiki,Nomos,10,274,29.9238,1
Wiki,Nomos,10,275,30.1335,1
Wiki,Nomos,10,276,29.8527,1
Wiki,Nomos,10,277,29.6393,1
Wiki,Nomos,10,278,31.0523,1
Wiki,Nomos,10,279,29.6775,1
Wiki,Nomos,10,280,29.6562,1
Wiki,Nomos,10,281,30.7345,1
Wiki,Nomos,10,282,31.6489,1
Wiki,Nomos,10,283,29.8837,1
Wiki,Nomos,10,284,30.0826,1
Wiki,Nomos,10,285,30.0456,1
Wiki,Nomos,10,286,29.0523,1
Wiki,Nomos,10,287,30.5386,1
Wiki,Nomos,10,288,29.435,1
Wiki,Nomos,10,289,29.8278,1
Wiki,Nomos,10,290,30.066,1
Wiki,Nomos,10,291,29.6391,1
Wiki,Nomos,10,292,32.6344,1
Wiki,Nomos,10,293,29.0056,1
Wiki,Nomos,10,294,30.2512,1
Wiki,Nomos,10,295,29.8587,1
Wiki,Nomos,10,296,28.8312,1
Wiki,Nomos,10,297,31.1072,1
Wiki,Nomos,10,298,30.289,1
Wiki,Nomos,10,299,30.204,1
Wiki,Nomos,10,300,29.9558,1
Wiki,Nomos,10,301,30.038,1
Wiki,Nomos,10,302,30.357,1
Wiki,Nomos,10,303,34.8705,1
Wiki,Nomos,10,304,30.1203,1
Wiki,Nomos,10,305,29.5216,1
Wiki,Nomos,10,306,29.7854,1
Wiki,Nomos,10,307,32.3683,1
Wiki,Nomos,10,308,30.967,1
Wiki,Nomos,10,309,30.3827,1
Wiki,Nomos,10,310,29.4073,1
Wiki,Nomos,10,311,28.9854,1
Wiki,Nomos,10,312,29.6555,1
Wiki,Nomos,10,313,32.8851,1
Wiki,Nomos,10,314,32.072,1
Wiki,Nomos,10,315,33.5039,1
Wiki,Nomos,10,316,37.6768,1
Wiki,Nomos,10,317,37.8819,1
Wiki,Nomos,10,318,30.7358,1
Wiki,Nomos,10,319,30.0016,1
Wiki,Nomos,10,320,31.9805,1
Wiki,Nomos,10,321,30.0711,1
Wiki,Nomos,10,322,30.5565,1
Wiki,Nomos,10,323,30.1148,1
Wiki,Nomos,10,324,28.7501,1
Wiki,Nomos,10,325,29.7597,1
Wiki,Nomos,10,326,31.9464,1
Wiki,Nomos,10,327,35.9826,1
Wiki,Nomos,10,328,29.9804,1
Wiki,Nomos,10,329,29.4979,1
Wiki,Nomos,10,330,34.5016,1
Wiki,Nomos,10,331,30.6736,1
Wiki,Nomos,10,332,31.807,1
Wiki,Nomos,10,333,30.8333,1
Wiki,Nomos,10,334,31.6452,1
Wiki,Nomos,10,335,30.199,1
Wiki,Nomos,10,336,29.4103,1
Wiki,Nomos,10,337,29.519,1
Wiki,Nomos,10,338,31.985,1
Wiki,Nomos,10,339,33.9602,1
Wiki,Nomos,10,340,29.9543,1
Wiki,Nomos,10,341,29.1142,1
Wiki,Nomos,10,342,30.2163,1
Wiki,Nomos,10,343,30.3428,1
Wiki,Nomos,10,344,29.5973,1
Wiki,Nomos,10,345,31.3015,1
Wiki,Nomos,10,346,30.4705,1
Wiki,Nomos,10,347,30.3208,1
Wiki,Nomos,10,348,29.8167,1
Wiki,Nomos,10,349,28.575,1
Wiki,Nomos,10,350,30.2684,1
Wiki,Nomos,10,351,33.284,1
Wiki,Nomos,10,352,33.9289,1
Wiki,Nomos,10,353,29.8666,1
Wiki,Nomos,10,354,29.6799,1
Wiki,Nomos,10,355,31.7493,1
Wiki,Nomos,10,356,32.166,1
Wiki,Nomos,10,357,30.2052,1
Wiki,Nomos,10,358,29.7631,1
Wiki,Nomos,10,359,30.5293,1
Wiki,Nomos,10,360,28.9505,1
Wiki,Nomos,10,361,38.5276,1
Wiki,Nomos,10,362,30.0454,1
Wiki,Nomos,10,363,29.4434,1
Wiki,Nomos,10,364,29.6619,1
Wiki,Nomos,10,365,30.3903,1
Wiki,Nomos,10,366,32.0792,1
Wiki,Nomos,10,367,38.9679,1
Wiki,Nomos,10,368,35.2506,1
Wiki,Nomos,10,369,32.3588,1
Wiki,Nomos,10,370,33.5882,1
Wiki,Nomos,10,371,40.5903,1
Wiki,Nomos,10,372,39.0233,1
Wiki,Nomos,10,373,30.3397,1
Wiki,Nomos,10,374,30.3305,1
Wiki,Nomos,10,375,30.4436,1
Wiki,Nomos,10,376,31.1573,1
Wiki,Nomos,10,377,31.0252,1
Wiki,Nomos,10,378,38.3705,1
Wiki,Nomos,10,379,39.3349,1
Wiki,Nomos,10,380,32.3252,1
Wiki,Nomos,10,381,30.7688,1
Wiki,Nomos,10,382,31.4957,1
Wiki,Nomos,10,383,30.0356,1
Wiki,Nomos,10,384,30.6946,1
Wiki,Nomos,10,385,29.4725,1
Wiki,Nomos,10,386,29.3651,1
Wiki,Nomos,10,387,30.0788,1
Wiki,Nomos,10,388,29.1383,1
Wiki,Nomos,10,389,28.8062,1
Wiki,Nomos,10,390,30.2386,1
Wiki,Nomos,10,391,29.1239,1
Wiki,Nomos,10,392,29.6306,1
Wiki,Nomos,10,393,30.101,1
Wiki,Nomos,10,394,30.1442,1
Wiki,Nomos,10,395,29.7862,1
Wiki,Nomos,10,396,30.4241,1
Wiki,Nomos,10,397,30.1438,1
Wiki,Nomos,10,398,29.9492,1
Wiki,Nomos,10,399,29.7228,1
Wiki,Nomos,10,400,30.6108,1
Wiki,Nomos,10,401,30.5764,1
Wiki,Nomos,10,402,29.5937,1
Wiki,Nomos,10,403,29.6501,1
Wiki,Nomos,10,404,32.1603,1
Wiki,Nomos,10,405,32.0119,1
Wiki,Nomos,10,406,30.3072,1
Wiki,Nomos,10,407,30.3044,1
Wiki,Nomos,10,408,30.1031,1
Wiki,Nomos,10,409,33.6185,1
Wiki,Nomos,10,410,29.4582,1
Wiki,Nomos,10,411,29.5162,1
Wiki,Nomos,10,412,30.0834,1
Wiki,Nomos,10,413,29.8859,1
Wiki,Nomos,10,414,30.0218,1
Wiki,Nomos,10,415,29.2734,1
Wiki,Nomos,10,416,30.2251,1
Wiki,Nomos,10,417,30.1159,1
Wiki,Nomos,10,418,29.7646,1
Wiki,Nomos,10,419,29.9722,1
Wiki,Nomos,10,420,29.5235,1
Wiki,Nomos,10,421,28.6673,1
Wiki,Nomos,10,422,29.4139,1
Wiki,Nomos,10,423,30.3331,1
Wiki,Nomos,10,424,29.3685,1
Wiki,Nomos,10,425,31.0671,1
Wiki,Nomos,10,426,29.8391,1
Wiki,Nomos,10,427,30.8514,1
Wiki,Nomos,10,428,29.9748,1
Wiki,Nomos,10,429,32.584,1
Wiki,Nomos,10,430,43.8986,1
Wiki,Nomos,10,431,35.4334,1
Wiki,Nomos,10,432,34.7305,1
Wiki,Nomos,10,433,35.1654,1
Wiki,Nomos,10,434,32.9585,1
Wiki,Nomos,10,435,33.1338,1
Wiki,Nomos,10,436,34.4521,1
Wiki,Nomos,10,437,32.4437,1
Wiki,Nomos,10,438,33.251,1
Wiki,Nomos,10,439,32.9372,1
Wiki,Nomos,10,440,32.9937,1
Wiki,Nomos,10,441,32.2945,1
Wiki,Nomos,10,442,30.084,1
Wiki,Nomos,10,443,30.6061,1
Wiki,Nomos,10,444,30.884,1
Wiki,Nomos,10,445,29.9685,1
Wiki,Nomos,10,446,30.5774,1
Wiki,Nomos,10,447,29.7486,1
Wiki,Nomos,10,448,29.4965,1
Wiki,Nomos,10,449,34.5495,1
Wiki,Nomos,10,450,30.1349,1
Wiki,Nomos,10,451,29.2615,1
Wiki,Nomos,10,452,31.7292,1
Wiki,Nomos,10,453,31.1247,1
Wiki,Nomos,10,454,30.4195,1
Wiki,Nomos,10,455,30.4098,1
Wiki,Nomos,10,456,30.5821,1
Wiki,Nomos,10,457,42.9678,1
Wiki,Nomos,10,458,30.9258,1
Wiki,Nomos,10,459,33.487,1
Wiki,Nomos,10,460,30.7831,1
Wiki,Nomos,10,461,29.906,1
Wiki,Nomos,10,462,30.9834,1
Wiki,Nomos,10,463,29.4159,1
Wiki,Nomos,10,464,30.3833,1
Wiki,Nomos,10,465,29.7526,1
Wiki,Nomos,10,466,29.0449,1
Wiki,Nomos,10,467,31.243,1
Wiki,Nomos,10,468,29.6531,1
Wiki,Nomos,10,469,29.9652,1
Wiki,Nomos,10,470,28.9101,1
Wiki,Nomos,10,471,29.0077,1
Wiki,Nomos,10,472,29.144,1
Wiki,Nomos,10,473,30.8287,1
Wiki,Nomos,10,474,29.977,1
Wiki,Nomos,10,475,30.5491,1
Wiki,Nomos,10,476,29.8756,1
Wiki,Nomos,10,477,33.0652,1
Wiki,Nomos,10,478,31.3489,1
Wiki,Nomos,10,479,29.9703,1
Wiki,Nomos,10,480,29.5762,1
Wiki,Nomos,10,481,30.5745,1
Wiki,Nomos,10,482,29.5143,1
Wiki,Nomos,10,483,30.5168,1
Wiki,Nomos,10,484,29.4199,1
Wiki,Nomos,10,485,29.4199,1
Wiki,Nomos,10,486,29.8561,1
Wiki,Nomos,10,487,29.6525,1
Wiki,Nomos,10,488,30.4321,1
Wiki,Nomos,10,489,30.6714,1
Wiki,Nomos,10,490,42.0486,1
Wiki,Nomos,10,491,30.6338,1
Wiki,Nomos,10,492,29.997,1
Wiki,Nomos,10,493,30.2937,1
Wiki,Nomos,10,494,29.7175,1
Wiki,Nomos,10,495,28.746,1
Wiki,Nomos,10,496,29.815,1
Wiki,Nomos,10,497,31.0849,1
Wiki,Nomos,10,498,29.1465,1
Wiki,Nomos,10,499,33.1564,1
Wiki,Nomos,10,500,30.3538,1
Wiki,Nomos,10,501,37.3866,1
Wiki,Nomos,10,502,30.3455,1
Wiki,Nomos,10,503,30.0762,1
Wiki,Nomos,10,504,30.4718,1
Wiki,Nomos,10,505,29.5975,1
Wiki,Nomos,10,506,30.7957,1
Wiki,Nomos,10,507,30.3233,1
Wiki,Nomos,10,508,30.1051,1
Wiki,Nomos,10,509,29.9515,1
Wiki,Nomos,10,510,31.4323,1
Wiki,Nomos,10,511,29.3687,1
Wiki,Nomos,10,512,29.534,1
Wiki,Nomos,10,513,30.7925,1
Wiki,Nomos,10,514,30.7681,1
Wiki,Nomos,10,515,30.4285,1
Wiki,Nomos,10,516,29.847,1
Wiki,Nomos,10,517,29.0368,1
Wiki,Nomos,10,518,29.8116,1
Wiki,Nomos,10,519,29.6419,1
Wiki,Nomos,10,520,40.2648,1
Wiki,Nomos,10,521,29.7757,1
Wiki,Nomos,10,522,29.9105,1
Wiki,Nomos,10,523,34.6728,1
Wiki,Nomos,10,524,30.1999,1
Wiki,Nomos,10,525,32.395,1
Wiki,Nomos,10,526,34.1355,1
Wiki,Nomos,10,527,31.3747,1
Wiki,Nomos,10,528,30.0246,1
Wiki,Nomos,10,529,29.4803,1
Wiki,Nomos,10,530,30.0585,1
Wiki,Nomos,10,531,30.7234,1
Wiki,Nomos,10,532,29.5632,1
Wiki,Nomos,10,533,30.8873,1
Wiki,Nomos,10,534,30.1212,1
Wiki,Nomos,10,535,30.6319,1
Wiki,Nomos,10,536,30.3745,1
Wiki,Nomos,10,537,30.3754,1
Wiki,Nomos,10,538,29.4193,1
Wiki,Nomos,10,539,29.5951,1
Wiki,Nomos,10,540,29.7049,1
Wiki,Nomos,10,541,30.0018,1
Wiki,Nomos,10,542,29.7443,1
Wiki,Nomos,10,543,30.1805,1
Wiki,Nomos,10,544,31.1991,1
Wiki,Nomos,10,545,29.2615,1
Wiki,Nomos,10,546,30.0829,1
Wiki,Nomos,10,547,28.7454,1
Wiki,Nomos,10,548,33.9871,1
Wiki,Nomos,10,549,31.4634,1
Wiki,Nomos,10,550,29.8298,1
Wiki,Nomos,10,551,30.5108,1
Wiki,Nomos,10,552,31.2846,1
Wiki,Nomos,10,553,33.3075,1
Wiki,Nomos,10,554,34.3804,1
Wiki,Nomos,10,555,30.0233,1
Wiki,Nomos,10,556,33.6379,1
Wiki,Nomos,10,557,30.7863,1
Wiki,Nomos,10,558,29.9395,1
Wiki,Nomos,10,559,31.3444,1
Wiki,Nomos,10,560,29.2713,1
Wiki,Nomos,10,561,34.159,1
Wiki,Nomos,10,562,30.049,1
Wiki,Nomos,10,563,30.0614,1
Wiki,Nomos,10,564,30.9859,1
Wiki,Nomos,10,565,29.9286,1
Wiki,Nomos,10,566,45.9255,1
Wiki,Nomos,10,567,125.634,1
Wiki,Nomos,10,568,43.0483,1
Wiki,Nomos,10,569,49.3468,1
Wiki,Nomos,10,570,49.964,1
Wiki,Nomos,10,571,43.3785,1
Wiki,Nomos,10,572,41.8157,1
Wiki,Nomos,10,573,32.5698,1
Wiki,Nomos,10,574,34.5649,1
Wiki,Nomos,10,575,33.4195,1
Wiki,Nomos,10,576,30.9659,1
Wiki,Nomos,10,577,30.5228,1
Wiki,Nomos,10,578,29.7014,1
Wiki,Nomos,10,579,31.3265,1
Wiki,Nomos,10,580,30.3394,1
Wiki,Nomos,10,581,30.5975,1
Wiki,Nomos,10,582,30.5812,1
Wiki,Nomos,10,583,29.808,1
Wiki,Nomos,10,584,29.995,1
Wiki,Nomos,10,585,30.3768,1
Wiki,Nomos,10,586,31.4328,1
Wiki,Nomos,10,587,30.0943,1
Wiki,Nomos,10,588,32.6767,1
Wiki,Nomos,10,589,31.2237,1
Wiki,Nomos,10,590,36.126,1
Wiki,Nomos,10,591,28.7149,1
Wiki,Nomos,10,592,33.7915,1
Wiki,Nomos,10,593,29.8125,1
Wiki,Nomos,10,594,29.426,1
Wiki,Nomos,10,595,30.7855,1
Wiki,Nomos,10,596,34.3806,1
Wiki,Nomos,10,597,29.7848,1
Wiki,Nomos,10,598,30.0798,1
Wiki,Nomos,10,599,57.2793,1
Wiki,Nomos,10,600,29.989,1
Wiki,Nomos,10,601,32.0759,1
Wiki,Nomos,10,602,30.5307,1
Wiki,Nomos,10,603,30.1657,1
Wiki,Nomos,10,604,32.6745,1
Wiki,Nomos,10,605,30.2964,1
Wiki,Nomos,10,606,30.6722,1
Wiki,Nomos,10,607,33.402,1
Wiki,Nomos,10,608,29.9052,1
Wiki,Nomos,10,609,29.9168,1
Wiki,Nomos,10,610,29.6597,1
Wiki,Nomos,10,611,30.0224,1
Wiki,Nomos,10,612,29.3927,1
Wiki,Nomos,10,613,35.8523,1
Wiki,Nomos,10,614,29.8393,1
Wiki,Nomos,10,615,29.2021,1
Wiki,Nomos,10,616,31.7251,1
Wiki,Nomos,10,617,36.3809,1
Wiki,Nomos,10,618,31.2266,1
Wiki,Nomos,10,619,33.8562,1
Wiki,Nomos,10,620,31.3625,1
Wiki,Nomos,10,621,30.0763,1
Wiki,Nomos,10,622,30.4654,1
Wiki,Nomos,10,623,30.114,1
Wiki,Nomos,10,624,33.6927,1
Wiki,Nomos,10,625,30.2346,1
Wiki,Nomos,10,626,30.138,1
Wiki,Nomos,10,627,29.7991,1
Wiki,Nomos,10,628,32.3246,1
Wiki,Nomos,10,629,28.9822,1
Wiki,Nomos,10,630,29.8586,1
Wiki,Nomos,10,631,33.0306,1
Wiki,Nomos,10,632,29.0995,1
Wiki,Nomos,10,633,29.6799,1
Wiki,Nomos,10,634,28.6243,1
Wiki,Nomos,10,635,28.9765,1
Wiki,Nomos,10,636,29.6295,1
Wiki,Nomos,10,637,31.0485,1
Wiki,Nomos,10,638,30.9797,1
Wiki,Nomos,10,639,29.7664,1
Wiki,Nomos,10,640,29.3808,1
Wiki,Nomos,10,641,31.7473,1
Wiki,Nomos,10,642,30.0753,1
Wiki,Nomos,10,643,29.8655,1
Wiki,Nomos,10,644,29.857,1
Wiki,Nomos,10,645,30.526,1
Wiki,Nomos,10,646,31.0119,1
Wiki,Nomos,10,647,30.3684,1
Wiki,Nomos,10,648,38.2805,1
Wiki,Nomos,10,649,30.1929,1
Wiki,Nomos,10,650,29.4127,1
Wiki,Nomos,10,651,29.685,1
Wiki,Nomos,10,652,30.1549,1
Wiki,Nomos,10,653,36.272,1
Wiki,Nomos,10,654,30.569,1
Wiki,Nomos,10,655,36.6,1
Wiki,Nomos,10,656,29.1177,1
Wiki,Nomos,10,657,29.8267,1
Wiki,Nomos,10,658,30.3344,1
Wiki,Nomos,10,659,29.7993,1
Wiki,Nomos,10,660,29.5404,1
Wiki,Nomos,10,661,29.9149,1
Wiki,Nomos,10,662,31.2282,1
Wiki,Nomos,10,663,31.548,1
Wiki,Nomos,10,664,29.3277,1
Wiki,Nomos,10,665,30.6725,1
Wiki,Nomos,10,666,30.2951,1
Wiki,Nomos,10,667,29.7657,1
Wiki,Nomos,10,668,32.2116,1
Wiki,Nomos,10,669,31.0123,1
Wiki,Nomos,10,670,29.9832,1
Wiki,Nomos,10,671,30.0548,1
Wiki,Nomos,10,672,31.3792,1
Wiki,Nomos,10,673,29.9923,1
Wiki,Nomos,10,674,32.7495,1
Wiki,Nomos,10,675,35.8641,1
Wiki,Nomos,10,676,29.8335,1
Wiki,Nomos,10,677,29.5277,1
Wiki,Nomos,10,678,29.6958,1
Wiki,Nomos,10,679,30.1965,1
Wiki,Nomos,10,680,29.3346,1
Wiki,Nomos,10,681,29.4653,1
Wiki,Nomos,10,682,29.7908,1
Wiki,Nomos,10,683,29.5128,1
Wiki,Nomos,10,684,30.0783,1
Wiki,Nomos,10,685,29.6439,1
Wiki,Nomos,10,686,29.4599,1
Wiki,Nomos,10,687,29.5389,1
Wiki,Nomos,10,688,29.9488,1
Wiki,Nomos,10,689,33.5803,1
Wiki,Nomos,10,690,32.4123,1
Wiki,Nomos,10,691,34.1449,1
Wiki,Nomos,10,692,32.554,1
Wiki,Nomos,10,693,31.2771,1
Wiki,Nomos,10,694,30.5266,1
Wiki,Nomos,10,695,30.402,1
Wiki,Nomos,10,696,30.617,1
Wiki,Nomos,10,697,33.5555,1
Wiki,Nomos,10,698,29.3849,1
Wiki,Nomos,10,700,29.6363,1
Wiki,Nomos,10,701,29.3567,1
Wiki,Nomos,10,702,30.8384,1
Wiki,Nomos,10,703,30.1766,1
Wiki,Nomos,10,704,30.206,1
Wiki,Nomos,10,705,29.9418,1
Wiki,Nomos,10,706,30.1804,1
Wiki,Nomos,10,707,30.6434,1
Wiki,Nomos,10,708,30.899,1
Wiki,Nomos,10,709,32.7294,1
Wiki,Nomos,10,710,30.5298,1
Wiki,Nomos,10,711,31.2277,1
Wiki,Nomos,10,712,30.7773,1
Wiki,Nomos,10,713,30.343,1
Wiki,Nomos,10,714,30.015,1
Wiki,Nomos,10,715,30.1295,1
Wiki,Nomos,10,716,31.442,1
Wiki,Nomos,10,717,29.3032,1
Wiki,Nomos,10,718,32.1808,1
Wiki,Nomos,10,719,34.5391,1
Wiki,Nomos,10,720,32.2454,1
Wiki,Nomos,10,721,31.7799,1
Wiki,Nomos,10,722,31.3899,1
Wiki,Nomos,10,723,28.8716,1
Wiki,Nomos,10,724,30.3213,1
Wiki,Nomos,10,725,32.1165,1
Wiki,Nomos,10,726,31.5897,1
Wiki,Nomos,10,727,30.5006,1
Wiki,Nomos,10,728,29.8753,1
Wiki,Nomos,10,729,30.1872,1
Wiki,Nomos,10,730,30.6515,1
Wiki,Nomos,10,731,45.6358,1
Wiki,Nomos,10,732,33.9925,1
Wiki,Nomos,10,733,31.8067,1
Wiki,Nomos,10,734,33.2604,1
Wiki,Nomos,10,735,31.8642,1
Wiki,Nomos,10,736,31.7934,1
Wiki,Nomos,10,737,30.3847,1
Wiki,Nomos,10,738,33.7136,1
Wiki,Nomos,10,739,31.6857,1
Wiki,Nomos,10,740,43.5805,1
Wiki,Nomos,10,741,33.2873,1
Wiki,Nomos,10,742,31.0937,1
Wiki,Nomos,10,743,34.4178,1
Wiki,Nomos,10,744,31.584,1
Wiki,Nomos,10,745,38.7431,1
Wiki,Nomos,10,746,30.8173,1
Wiki,Nomos,10,747,31.4147,1
Wiki,Nomos,10,749,29.9224,1
Wiki,Nomos,10,750,30.374,1
Wiki,Nomos,10,751,29.6265,1
Wiki,Nomos,10,752,30.3965,1
Wiki,Nomos,10,753,30.1444,1
Wiki,Nomos,10,754,29.8192,1
Wiki,Nomos,10,755,29.9341,1
Wiki,Nomos,10,756,29.7731,1
Wiki,Nomos,10,757,30.6615,1
Wiki,Nomos,10,758,28.985,1
Wiki,Nomos,10,759,30.362,1
Wiki,Nomos,10,760,30.6352,1
Wiki,Nomos,10,761,30.1192,1
Wiki,Nomos,10,762,30.9654,1
Wiki,Nomos,10,763,31.5278,1
Wiki,Nomos,10,765,33.0604,1
Wiki,Nomos,10,766,30.2838,1
Wiki,Nomos,10,767,32.375,1
Wiki,Nomos,10,768,31.5395,1
Wiki,Nomos,10,769,33.1986,1
Wiki,Nomos,10,770,36.658,1
Wiki,Nomos,10,771,33.3136,1
Wiki,Nomos,10,772,34.6537,1
Wiki,Nomos,10,773,31.4792,1
Wiki,Nomos,10,774,31.8808,1
Wiki,Nomos,10,775,32.1743,1
Wiki,Nomos,10,776,53.9789,1
Wiki,Nomos,10,777,34.6275,1
Wiki,Nomos,10,778,31.5165,1
Wiki,Nomos,10,779,31.1435,1
Wiki,Nomos,10,780,30.8209,1
Wiki,Nomos,10,781,31.7305,1
Wiki,Nomos,10,782,31.5341,1
Wiki,Nomos,10,783,31.8751,1
Wiki,Nomos,10,784,34.0291,1
Wiki,Nomos,10,786,30.978,1
Wiki,Nomos,10,787,31.5666,1
Wiki,Nomos,10,788,30.3654,1
Wiki,Nomos,10,789,37.0968,1
Wiki,Nomos,10,790,30.9273,1
Wiki,Nomos,10,791,31.2149,1
Wiki,Nomos,10,792,32.812,1
Wiki,Nomos,10,793,33.8109,1
Wiki,Nomos,10,794,31.6265,1
Wiki,Nomos,10,795,38.2739,1
Wiki,Nomos,10,796,30.9103,1
Wiki,Nomos,10,797,31.0571,1
Wiki,Nomos,10,798,31.7842,1
Wiki,Nomos,10,799,32.2617,1
Wiki,Nomos,10,800,34.9479,1
Wiki,Nomos,10,801,44.1389,1
Wiki,Nomos,10,802,34.4011,1
Wiki,Nomos,10,803,32.3141,1
Wiki,Nomos,10,804,32.945,1
Wiki,Nomos,10,806,33.2537,1
Wiki,Nomos,10,807,36.0612,1
Wiki,Nomos,10,808,33.0406,1
Wiki,Nomos,10,809,32.5992,1
Wiki,Nomos,10,810,33.8532,1
Wiki,Nomos,10,811,32.4621,1
Wiki,Nomos,10,812,35.7568,1
Wiki,Nomos,10,814,32.8784,1
Wiki,Nomos,10,815,34.812,1
Wiki,Nomos,10,816,40.3116,1
Wiki,Nomos,10,817,38.112,1
Wiki,Nomos,10,818,33.6112,1
Wiki,Nomos,10,819,40.0755,1
Wiki,Nomos,10,820,30.7694,1
Wiki,Nomos,10,821,32.0871,1
Wiki,Nomos,10,822,29.5114,1
Wiki,Nomos,10,824,29.6944,1
Wiki,Nomos,10,825,29.5988,1
Wiki,Nomos,10,826,31.488,1
Wiki,Nomos,10,827,29.6615,1
Wiki,Nomos,10,828,29.4079,1
Wiki,Nomos,10,829,30.028,1
Wiki,Nomos,10,830,29.3508,1
Wiki,Nomos,10,832,29.9983,1
Wiki,Nomos,10,833,29.1695,1
Wiki,Nomos,10,834,30.5796,1
Wiki,Nomos,10,835,29.4677,1
Wiki,Nomos,10,836,29.514,1
Wiki,Nomos,10,837,29.9048,1
Wiki,Nomos,10,838,29.5301,1
Wiki,Nomos,10,839,32.804,1
Wiki,Nomos,10,840,30.1251,1
Wiki,Nomos,10,841,30.1007,1
Wiki,Nomos,10,842,29.8207,1
Wiki,Nomos,10,843,32.6995,1
Wiki,Nomos,10,844,30.7543,1
Wiki,Nomos,10,845,30.1019,1
Wiki,Nomos,10,846,30.6513,1
Wiki,Nomos,10,847,30.2321,1
Wiki,Nomos,10,848,28.9238,1
Wiki,Nomos,10,849,29.4676,1
Wiki,Nomos,10,850,29.2826,1
Wiki,Nomos,10,851,28.874,1
Wiki,Nomos,10,852,29.8175,1
Wiki,Nomos,10,853,29.8347,1
Wiki,Nomos,10,854,29.6739,1
Wiki,Nomos,10,855,30.0879,1
Wiki,Nomos,10,856,29.7325,1
Wiki,Nomos,10,858,31.033,1
Wiki,Nomos,10,859,29.9638,1
Wiki,Nomos,10,860,29.2755,1
Wiki,Nomos,10,861,29.751,1
Wiki,Nomos,10,862,29.973,1
Wiki,Nomos,10,863,29.6871,1
Wiki,Nomos,10,864,29.421,1
Wiki,Nomos,10,865,31.7739,1
Wiki,Nomos,10,866,37.8593,1
Wiki,Nomos,10,867,29.5228,1
Wiki,Nomos,10,868,30.1827,1
Wiki,Nomos,10,870,31.2875,1
Wiki,Nomos,10,871,30.3293,1
Wiki,Nomos,10,872,29.998,1
Wiki,Nomos,10,873,30.2792,1
Wiki,Nomos,10,874,29.0422,1
Wiki,Nomos,10,875,29.7852,1
Wiki,Nomos,10,876,29.7123,1
Wiki,Nomos,10,881,29.3555,1
Wiki,Nomos,10,882,30.112,1
Wiki,Nomos,10,883,29.8325,1
Wiki,Nomos,10,884,30.0172,1
Wiki,Nomos,10,885,30.0814,1
Wiki,Nomos,10,886,28.7659,1
Wiki,Nomos,10,887,29.7003,1
Wiki,Nomos,10,888,30.5501,1
Wiki,Nomos,10,889,30.062,1
Wiki,Nomos,10,890,29.4157,1
Wiki,Nomos,10,891,29.4468,1
Wiki,Nomos,10,892,29.917,1
Wiki,Nomos,10,893,29.6428,1
Wiki,Nomos,10,894,29.2043,1
Wiki,Nomos,10,895,30.8742,1
Wiki,Nomos,10,896,30.2959,1
Wiki,Nomos,10,897,29.8061,1
Wiki,Nomos,10,898,30.6555,1
Wiki,Nomos,10,899,30.552,1
Wiki,Nomos,10,901,29.3959,1
Wiki,Nomos,10,902,41.0815,1
Wiki,Nomos,10,903,29.5998,1
Wiki,Nomos,10,904,29.3546,1
Wiki,Nomos,10,905,29.8808,1
Wiki,Nomos,10,906,28.8512,1
Wiki,Nomos,10,907,29.8098,1
Wiki,Nomos,10,908,30.1432,1
Wiki,Nomos,10,909,28.8563,1
Wiki,Nomos,10,910,30.3539,1
Wiki,Nomos,10,911,29.5347,1
Wiki,Nomos,10,912,32.7569,1
Wiki,Nomos,10,913,30.7841,1
Wiki,Nomos,10,914,30.5998,1
Wiki,Nomos,10,915,30.1571,1
Wiki,Nomos,10,916,30.5697,1
Wiki,Nomos,10,917,29.573,1
Wiki,Nomos,10,918,29.5756,1
Wiki,Nomos,10,919,29.7604,1
Wiki,Nomos,10,920,31.4826,1
Wiki,Nomos,10,921,34.1044,1
Wiki,Nomos,10,922,29.6222,1
Wiki,Nomos,10,923,29.8182,1
Wiki,Nomos,10,924,40.2305,1
Wiki,Nomos,10,925,30.694,1
Wiki,Nomos,10,926,31.2105,1
Wiki,Nomos,10,927,29.9697,1
Wiki,Nomos,10,928,29.6487,1
Wiki,Nomos,10,929,29.9365,1
Wiki,Nomos,10,930,30.1089,1
Wiki,Nomos,10,931,31.9018,1
Wiki,Nomos,10,934,31.3632,1
Wiki,Nomos,10,935,31.5155,1
Wiki,Nomos,10,937,30.4296,1
Wiki,Nomos,10,938,29.808,1
Wiki,Nomos,10,939,29.2462,1
Wiki,Nomos,10,940,29.5061,1
Wiki,Nomos,10,942,29.522,1
Wiki,Nomos,10,943,30.3174,1
Wiki,Nomos,10,944,30.0023,1
Wiki,Nomos,10,945,29.8158,1
Wiki,Nomos,10,946,31.5271,1
Wiki,Nomos,10,947,30.0802,1
Wiki,Nomos,10,948,29.7558,1
Wiki,Nomos,10,949,30.8076,1
Wiki,Nomos,10,950,29.932,1
Wiki,Nomos,10,951,30.2613,1
Wiki,Nomos,10,952,29.6131,1
Wiki,Nomos,10,953,37.2356,1
Wiki,Nomos,10,954,29.6126,1
Wiki,Nomos,10,955,38.2333,1
Wiki,Nomos,10,956,30.9352,1
Wiki,Nomos,10,957,30.2621,1
Wiki,Nomos,10,958,29.7385,1
Wiki,Nomos,10,959,33.7163,1
Wiki,Nomos,10,961,30.1962,1
Wiki,Nomos,10,962,34.0725,1
Wiki,Nomos,10,963,32.1999,1
Wiki,Nomos,10,964,29.2842,1
Wiki,Nomos,10,965,30.41,1
Wiki,Nomos,10,966,29.928,1
Wiki,Nomos,10,967,30.4998,1
Wiki,Nomos,10,968,32.5443,1
Wiki,Nomos,10,969,38.3615,1
Wiki,Nomos,10,970,35.4817,1
Wiki,Nomos,10,971,30.4017,1
Wiki,Nomos,10,972,29.0045,1
Wiki,Nomos,10,973,30.2119,1
Wiki,Nomos,10,974,30.5973,1
Wiki,Nomos,10,976,30.497,1
Wiki,Nomos,10,977,30.685,1
Wiki,Nomos,10,979,30.2554,1
Wiki,Nomos,10,980,31.2349,1
Wiki,Nomos,10,981,32.446,1
Wiki,Nomos,10,982,29.6618,1
Wiki,Nomos,10,984,30.1993,1
Wiki,Nomos,10,985,30.5916,1
Wiki,Nomos,10,986,30.6633,1
Wiki,Nomos,10,987,31.7264,1
Wiki,Nomos,10,989,29.7277,1
Wiki,Nomos,10,990,29.5038,1
Wiki,Nomos,10,991,28.8875,1
Wiki,Nomos,10,992,30.4718,1
Wiki,Nomos,10,993,29.3133,1
Wiki,Nomos,10,994,60.4933,1
Wiki,Nomos,10,995,30.5155,1
Wiki,Nomos,10,996,29.6795,1
Wiki,Nomos,10,997,30.7679,1
Wiki,Nomos,10,998,30.7048,1
Wiki,Nomos,10,999,30.4676,1
Wiki,Nomos,10,1000,29.6947,1
Wiki,Nomos,10,1001,39.1783,1
Wiki,Nomos,10,1002,33.1198,1
Wiki,Nomos,10,1003,29.463,1
Wiki,Nomos,10,1004,31.255,1
Wiki,Nomos,10,1005,30.5205,1
Wiki,Nomos,10,1006,31.0452,1
Wiki,Nomos,10,1007,35.288,1
Wiki,Nomos,10,1008,31.1504,1
Wiki,Nomos,10,1009,29.6538,1
Wiki,Nomos,10,1010,29.6807,1
Wiki,Nomos,10,1011,29.6415,1
Wiki,Nomos,10,1012,30.4586,1
Wiki,Nomos,10,1013,30.297,1
Wiki,Nomos,10,1014,29.7751,1
Wiki,Nomos,10,1015,29.9952,1
Wiki,Nomos,10,1016,29.7656,1
Wiki,Nomos,10,1017,29.6588,1
Wiki,Nomos,10,1018,29.5875,1
Wiki,Nomos,10,1019,29.8587,1
Wiki,Nomos,10,1020,29.3972,1
Wiki,Nomos,10,1021,29.234,1
Wiki,Nomos,10,1022,30.4662,1
Wiki,Nomos,10,1024,29.6471,1
Wiki,Nomos,10,1025,30.021,1
Wiki,Nomos,10,1026,31.4587,1
Wiki,Nomos,10,1028,30.9372,1
Wiki,Nomos,10,1029,29.2908,1
Wiki,Nomos,10,1030,30.1227,1
Wiki,Nomos,10,1031,30.6006,1
Wiki,Nomos,10,1032,30.3434,1
Wiki,Nomos,10,1033,30.2983,1
Wiki,Nomos,10,1034,29.752,1
Wiki,Nomos,10,1035,30.3413,1
Wiki,Nomos,10,1036,30.1812,1
Wiki,Nomos,10,1037,28.8232,1
Wiki,Nomos,10,1038,30.3115,1
Wiki,Nomos,10,1039,29.9691,1
Wiki,Nomos,10,1040,34.4727,1
Wiki,Nomos,10,1041,29.6373,1
Wiki,Nomos,10,1042,29.3878,1
Wiki,Nomos,10,1043,29.7669,1
Wiki,Nomos,10,1044,29.8445,1
Wiki,Nomos,10,1045,30.4485,1
Wiki,Nomos,10,1047,29.7146,1
Wiki,Nomos,10,1048,29.9869,1
Wiki,Nomos,10,1049,30.2494,1
Wiki,Nomos,10,1051,29.4603,1
Wiki,Nomos,10,1052,31.0714,1
Wiki,Nomos,10,1053,30.0028,1
Wiki,Nomos,10,1054,33.4562,1
Wiki,Nomos,10,1055,31.5692,1
Wiki,Nomos,10,1056,31.1532,1
Wiki,Nomos,10,1057,30.4095,1
Wiki,Nomos,10,1060,32.3767,1
Wiki,Nomos,10,1061,31.5793,1
Wiki,Nomos,10,1062,49.2947,1
Wiki,Nomos,10,1064,34.6258,1
Wiki,Nomos,10,1065,45.1414,1
Wiki,Nomos,10,1066,34.5876,1
Wiki,Nomos,10,1067,31.9675,1
Wiki,Nomos,10,1071,45.5589,1
Wiki,Nomos,10,1072,32.7552,1
Wiki,Nomos,10,1073,30.8421,1
Wiki,Nomos,10,1074,29.4952,1
Wiki,Nomos,10,1075,30.2123,1
Wiki,Nomos,10,1076,29.0986,1
Wiki,Nomos,10,1078,30.0044,1
Wiki,Nomos,10,1079,28.9651,1
Wiki,Nomos,10,1080,29.3811,1
Wiki,Nomos,10,1081,29.4396,1
Wiki,Nomos,10,1082,30.3107,1
Wiki,Nomos,10,1083,29.7165,1
Wiki,Nomos,10,1084,30.1411,1
Wiki,Nomos,10,1085,32.4816,1
Wiki,Nomos,10,1086,30.3424,1
Wiki,Nomos,10,1087,34.549,1
Wiki,Nomos,10,1088,33.6743,1
Wiki,Nomos,10,1089,30.5087,1
Wiki,Nomos,10,1090,30.4725,1
Wiki,Nomos,10,1092,30.3166,1
Wiki,Nomos,10,1093,30.5167,1
Wiki,Nomos,10,1094,29.0152,1
Wiki,Nomos,10,1095,29.8442,1
Wiki,Nomos,10,1096,29.8125,1
Wiki,Nomos,10,1097,29.9645,1
Wiki,Nomos,10,1098,29.5566,1
Wiki,Nomos,10,1100,30.361,1
Wiki,Nomos,10,1101,29.3194,1
Wiki,Nomos,10,1102,29.4756,1
Wiki,Nomos,10,1103,29.7754,1
Wiki,Nomos,10,1104,29.9429,1
Wiki,Nomos,10,1105,29.8175,1
Wiki,Nomos,10,1106,29.457,1
Wiki,Nomos,10,1107,29.451,1
Wiki,Nomos,10,1108,29.843,1
Wiki,Nomos,10,1111,29.6804,1
Wiki,Nomos,10,1112,33.3827,1
Wiki,Nomos,10,1113,33.2008,1
Wiki,Nomos,10,1114,32.467,1
Wiki,Nomos,10,1115,32.4388,1
Wiki,Nomos,10,1117,34.1043,1
Wiki,Nomos,10,1120,32.1713,1
Wiki,Nomos,10,1122,31.8271,1
Wiki,Nomos,10,1125,30.9882,1
Wiki,Nomos,10,1126,31.1308,1
Wiki,Nomos,10,1127,66.778,1
Wiki,Nomos,10,1129,36.9833,1
Wiki,Nomos,10,1131,31.6023,1
Wiki,Nomos,10,1132,29.5224,1
Wiki,Nomos,10,1133,30.1463,1
Wiki,Nomos,10,1134,31.2418,1
Wiki,Nomos,10,1135,29.3893,1
Wiki,Nomos,10,1136,29.6124,1
Wiki,Nomos,10,1137,28.8086,1
Wiki,Nomos,10,1138,32.3744,1
Wiki,Nomos,10,1139,29.6686,1
Wiki,Nomos,10,1140,28.9683,1
Wiki,Nomos,10,1142,32.3767,1
Wiki,Nomos,10,1143,36.6215,1
Wiki,Nomos,10,1144,32.6633,1
Wiki,Nomos,10,1145,29.828,1
Wiki,Nomos,10,1146,33.083,1
Wiki,Nomos,10,1147,29.1214,1
Wiki,Nomos,10,1148,31.5449,1
Wiki,Nomos,10,1150,36.8063,1
Wiki,Nomos,10,1151,33.4692,1
Wiki,Nomos,10,1153,30.5921,1
Wiki,Nomos,10,1154,30.8063,1
Wiki,Nomos,10,1155,30.6825,1
Wiki,Nomos,10,1156,30.48,1
Wiki,Nomos,10,1157,31.2234,1
Wiki,Nomos,10,1158,29.6925,1
Wiki,Nomos,10,1159,29.095,1
Wiki,Nomos,10,1161,29.3772,1
Wiki,Nomos,10,1162,29.2059,1
Wiki,Nomos,10,1163,29.582,1
Wiki,Nomos,10,1164,30.2967,1
Wiki,Nomos,10,1165,29.2632,1
Wiki,Nomos,10,1166,30.0691,1
Wiki,Nomos,10,1168,30.1878,1
Wiki,Nomos,10,1170,29.2793,1
Wiki,Nomos,10,1171,30.1244,1
Wiki,Nomos,10,1172,29.4767,1
Wiki,Nomos,10,1173,29.3665,1
Wiki,Nomos,10,1174,31.0321,1
Wiki,Nomos,10,1176,33.9898,1
Wiki,Nomos,10,1177,46.4559,1
Wiki,Nomos,10,1178,39.5641,1
Wiki,Nomos,10,1179,39.7703,1
Wiki,Nomos,10,1180,44.4576,1
Wiki,Nomos,10,1181,39.6477,1
Wiki,Nomos,10,1182,37.4191,1
Wiki,Nomos,10,1185,30.5994,1
Wiki,Nomos,10,1186,30.1687,1
Wiki,Nomos,10,1187,29.5976,1
Wiki,Nomos,10,1188,29.68,1
Wiki,Nomos,10,1189,32.323,1
Wiki,Nomos,10,1190,29.4113,1
Wiki,Nomos,10,1191,30.7095,1
Wiki,Nomos,10,1192,39.0054,1
Wiki,Nomos,10,1194,39.7079,1
Wiki,Nomos,10,1196,30.9523,1
Wiki,Nomos,10,1197,30.4551,1
Wiki,Nomos,10,1198,30.9041,1
Wiki,Nomos,10,1199,29.5485,1
Wiki,Nomos,10,1200,30.5871,1
Wiki,Nomos,10,1203,30.7392,1
Wiki,Nomos,10,1204,29.7311,1
Wiki,Nomos,10,1205,31.0643,1
Wiki,Nomos,10,1206,32.2817,1
Wiki,Nomos,10,1207,31.1351,1
Wiki,Nomos,10,1208,31.0756,1
Wiki,Nomos,10,1209,31.0207,1
Wiki,Nomos,10,1210,29.122,1
Wiki,Nomos,10,1211,29.1943,1
Wiki,Nomos,10,1215,32.0615,1
Wiki,Nomos,10,1216,31.2732,1
Wiki,Nomos,10,1217,30.0576,1
Wiki,Nomos,10,1219,69.8717,1
Wiki,Nomos,10,1220,33.1233,1
Wiki,Nomos,10,1222,56.7046,1
Wiki,Nomos,10,1223,32.1764,1
Wiki,Nomos,10,1224,30.6916,1
Wiki,Nomos,10,1226,30.4078,1
Wiki,Nomos,10,1229,31.2406,1
Wiki,Nomos,10,1230,30.5395,1
Wiki,Nomos,10,1231,40.9301,1
Wiki,Nomos,10,1232,30.6697,1
Wiki,Nomos,10,1233,148.52,1
Wiki,Nomos,10,1235,52.8297,1
Wiki,Nomos,10,1237,64.8597,1
Wiki,Nomos,10,1241,32.0361,1
Wiki,Nomos,10,1243,31.3516,1
Wiki,Nomos,10,1244,30.7745,1
Wiki,Nomos,10,1245,31.2583,1
Wiki,Nomos,10,1246,30.6969,1
Wiki,Nomos,10,1247,30.4221,1
Wiki,Nomos,10,1248,30.4078,1
Wiki,Nomos,10,1249,29.5887,1
Wiki,Nomos,10,1250,30.2495,1
Wiki,Nomos,10,1251,29.6876,1
Wiki,Nomos,10,1253,30.1439,1
Wiki,Nomos,10,1257,29.5791,1
Wiki,Nomos,10,1261,29.9612,1
Wiki,Nomos,10,1263,33.0069,1
Wiki,Nomos,10,1264,30.3686,1
Wiki,Nomos,10,1266,31.7758,1
Wiki,Nomos,10,1267,30.2301,1
Wiki,Nomos,10,1268,30.917,1
Wiki,Nomos,10,1269,30.3655,1
Wiki,Nomos,10,1270,32.9552,1
Wiki,Nomos,10,1272,30.0648,1
Wiki,Nomos,10,1273,29.3396,1
Wiki,Nomos,10,1276,30.1423,1
Wiki,Nomos,10,1277,31.6885,1
Wiki,Nomos,10,1278,33.8428,1
Wiki,Nomos,10,1281,29.6995,1
Wiki,Nomos,10,1282,30.6621,1
Wiki,Nomos,10,1283,30.3251,1
Wiki,Nomos,10,1285,51.8936,1
Wiki,Nomos,10,1286,30.4544,1
Wiki,Nomos,10,1287,30.26,1
Wiki,Nomos,10,1291,30.2239,1
Wiki,Nomos,10,1293,30.2343,1
Wiki,Nomos,10,1296,36.3993,1
Wiki,Nomos,10,1297,35.3459,1
Wiki,Nomos,10,1298,30.461,1
Wiki,Nomos,10,1299,31.4795,1
Wiki,Nomos,10,1303,30.36,1
Wiki,Nomos,10,1304,29.3538,1
Wiki,Nomos,10,1305,38.7368,1
Wiki,Nomos,10,1307,30.1945,1
Wiki,Nomos,10,1309,31.962,1
Wiki,Nomos,10,1311,29.899,1
Wiki,Nomos,10,1313,29.4379,1
Wiki,Nomos,10,1314,30.407,1
Wiki,Nomos,10,1316,29.8192,1
Wiki,Nomos,10,1317,29.7447,1
Wiki,Nomos,10,1318,30.1892,1
Wiki,Nomos,10,1320,29.6899,1
Wiki,Nomos,10,1322,29.4881,1
Wiki,Nomos,10,1324,30.0162,1
Wiki,Nomos,10,1326,29.4393,1
Wiki,Nomos,10,1327,28.5771,1
Wiki,Nomos,10,1328,29.8285,1
Wiki,Nomos,10,1332,29.5484,1
Wiki,Nomos,10,1335,30.1023,1
Wiki,Nomos,10,1337,29.2989,1
Wiki,Nomos,10,1338,30.5844,1
Wiki,Nomos,10,1342,33.676,1
Wiki,Nomos,10,1343,30.7355,1
Wiki,Nomos,10,1346,30.3805,1
Wiki,Nomos,10,1347,38.2539,1
Wiki,Nomos,10,1350,30.8415,1
Wiki,Nomos,10,1352,32.5728,1
Wiki,Nomos,10,1353,30.884,1
Wiki,Nomos,10,1355,31.1526,1
Wiki,Nomos,10,1356,30.0358,1
Wiki,Nomos,10,1359,30.1135,1
Wiki,Nomos,10,1361,29.738,1
Wiki,Nomos,10,1364,29.2497,1
Wiki,Nomos,10,1365,29.6982,1
Wiki,Nomos,10,1366,29.6573,1
Wiki,Nomos,10,1370,30.7141,1
Wiki,Nomos,10,1371,30.0996,1
Wiki,Nomos,10,1375,29.4545,1
Wiki,Nomos,10,1378,29.6551,1
Wiki,Nomos,10,1385,29.6347,1
Wiki,Nomos,10,1386,28.3316,1
Wiki,Nomos,10,1388,29.279,1
Wiki,Nomos,10,1390,28.8183,1
Wiki,Nomos,10,1391,30.5518,1
Wiki,Nomos,10,1393,30.0847,1
Wiki,Nomos,10,1394,33.123,1
Wiki,Nomos,10,1395,31.2771,1
Wiki,Nomos,10,1397,34.6978,1
Wiki,Nomos,10,1400,30.8082,1
Wiki,Nomos,10,1401,29.9248,1
Wiki,Nomos,10,1403,29.5194,1
Wiki,Nomos,10,1405,29.5465,1
Wiki,Nomos,10,1406,29.1577,1
Wiki,Nomos,10,1408,30.7625,1
Wiki,Nomos,10,1409,34.551,1
Wiki,Nomos,10,1410,29.71,1
Wiki,Nomos,10,1412,29.2255,1
Wiki,Nomos,10,1416,29.4933,1
Wiki,Nomos,10,1417,29.6993,1
Wiki,Nomos,10,1418,29.6805,1
Wiki,Nomos,10,1419,31.3862,1
Wiki,Nomos,10,1421,29.7292,1
Wiki,Nomos,10,1422,29.8494,1
Wiki,Nomos,10,1423,30.5213,1
Wiki,Nomos,10,1426,29.4135,1
Wiki,Nomos,10,1427,30.7948,1
Wiki,Nomos,10,1428,31.8822,1
Wiki,Nomos,10,1429,29.5552,1
Wiki,Nomos,10,1430,29.4363,1
Wiki,Nomos,10,1431,30.2798,1
Wiki,Nomos,10,1433,31.9926,1
Wiki,Nomos,10,1436,30.505,1
Wiki,Nomos,10,1437,30.0631,1
Wiki,Nomos,10,1439,29.7267,1
Wiki,Nomos,10,1440,30.5936,1
Wiki,Nomos,10,1441,29.31,1
Wiki,Nomos,10,1445,29.4765,1
Wiki,Nomos,10,1446,30.3766,1
Wiki,Nomos,10,1447,31.4201,1
Wiki,Nomos,10,1449,29.3401,1
Wiki,Nomos,10,1451,29.8803,1
Wiki,Nomos,10,1452,29.4062,1
Wiki,Nomos,10,1454,29.9452,1
Wiki,Nomos,10,1457,29.9798,1
Wiki,Nomos,10,1458,29.5832,1
Wiki,Nomos,10,1461,29.6854,1
Wiki,Nomos,10,1463,29.6242,1
Wiki,Nomos,10,1464,29.5527,1
Wiki,Nomos,10,1465,31.1202,1
Wiki,Nomos,10,1466,29.9145,1
Wiki,Nomos,10,1467,30.403,1
Wiki,Nomos,10,1472,29.5402,1
Wiki,Nomos,10,1473,28.8721,1
Wiki,Nomos,10,1474,36.1308,1
Wiki,Nomos,10,1475,30.3248,1
Wiki,Nomos,10,1479,30.1786,1
Wiki,Nomos,10,1481,29.7901,1
Wiki,Nomos,10,1485,29.6395,1
Wiki,Nomos,10,1486,29.3743,1
Wiki,Nomos,10,1487,29.1177,1
Wiki,Nomos,10,1488,31.1711,1
Wiki,Nomos,10,1489,30.2269,1
Wiki,Nomos,10,1493,29.429,1
Wiki,Nomos,10,1495,29.3047,1
Wiki,Nomos,10,1497,29.9782,1
Wiki,Nomos,10,1498,29.5643,1
Wiki,Nomos,10,1499,29.6376,1
Wiki,Nomos,10,1502,30.0876,1
Wiki,Nomos,10,1503,30.0848,1
Wiki,Nomos,10,1505,29.9843,1
Wiki,Nomos,10,1507,35.772,1
Wiki,Nomos,10,1509,32.4933,1
Wiki,Nomos,10,1511,35.6382,1
Wiki,Nomos,10,1512,51.734,1
Wiki,Nomos,10,1515,31.574,1
Wiki,Nomos,10,1516,31.6325,1
Wiki,Nomos,10,1517,31.1211,1
Wiki,Nomos,10,1518,30.4932,1
Wiki,Nomos,10,1522,31.3288,1
Wiki,Nomos,10,1523,28.875,1
Wiki,Nomos,10,1526,30.4964,1
Wiki,Nomos,10,1527,30.8712,1
Wiki,Nomos,10,1528,30.4593,1
Wiki,Nomos,10,1529,31.0818,1
Wiki,Nomos,10,1531,30.4181,1
Wiki,Nomos,10,1532,29.525,1
Wiki,Nomos,10,1533,30.5509,1
Wiki,Nomos,10,1534,30.0614,1
Wiki,Nomos,10,1535,32.0437,1
Wiki,Nomos,10,1537,31.5875,1
Wiki,Nomos,10,1538,30.4127,1
Wiki,Nomos,10,1541,29.4756,1
Wiki,Nomos,10,1543,29.2547,1
Wiki,Nomos,10,1544,29.8782,1
Wiki,Nomos,10,1546,30.5197,1
Wiki,Nomos,10,1547,30.0267,1
Wiki,Nomos,10,1548,29.5239,1
Wiki,Nomos,10,1549,30.7304,1
Wiki,Nomos,10,1551,30.5272,1
Wiki,Nomos,10,1553,32.5458,1
Wiki,Nomos,10,1555,31.6818,1
Wiki,Nomos,10,1560,30.5636,1
Wiki,Nomos,10,1562,30.3518,1
Wiki,Nomos,10,1563,30.4457,1
Wiki,Nomos,10,1565,30.5667,1
Wiki,Nomos,10,1566,29.9886,1
Wiki,Nomos,10,1568,31.9563,1
Wiki,Nomos,10,1569,29.853,1
Wiki,Nomos,10,1570,29.8669,1
Wiki,Nomos,10,1571,30.9552,1
Wiki,Nomos,10,1573,33.95,1
Wiki,Nomos,10,1576,30.3439,1
Wiki,Nomos,10,1577,29.3774,1
Wiki,Nomos,10,1581,30.5905,1
Wiki,Nomos,10,1583,29.5541,1
Wiki,Nomos,10,1586,60.3903,1
Wiki,Nomos,10,1588,54.9604,1
Wiki,Nomos,10,1593,32.9597,1
Wiki,Nomos,10,1597,53.39,1
Wiki,Nomos,10,1599,36.3077,1
Wiki,Nomos,10,1600,31.1618,1
Wiki,Nomos,10,1603,30.397,1
Wiki,Nomos,10,1604,31.505,1
Wiki,Nomos,10,1607,30.9875,1
Wiki,Nomos,10,1608,30.1608,1
Wiki,Nomos,10,1611,31.2588,1
Wiki,Nomos,10,1612,31.9433,1
Wiki,Nomos,10,1614,31.0396,1
Wiki,Nomos,10,1615,30.7896,1
Wiki,Nomos,10,1617,31.6294,1
Wiki,Nomos,10,1619,32.2123,1
Wiki,Nomos,10,1620,31.5819,1
Wiki,Nomos,10,1621,29.9968,1
Wiki,Nomos,10,1622,29.7153,1
Wiki,Nomos,10,1627,30.1263,1
Wiki,Nomos,10,1629,30.0875,1
Wiki,Nomos,10,1630,30.5582,1
Wiki,Nomos,10,1631,34.8852,1
Wiki,Nomos,10,1637,31.1541,1
Wiki,Nomos,10,1639,113.161,1
Wiki,Nomos,10,1642,67.3902,1
Wiki,Nomos,10,1647,48.243,1
Wiki,Nomos,10,1649,39.755,1
Wiki,Nomos,10,1650,71.3947,1
Wiki,Nomos,10,1652,35.6179,1
Wiki,Nomos,10,1653,34.376,1
Wiki,Nomos,10,1657,32.4154,1
Wiki,Nomos,10,1661,32.1793,1
Wiki,Nomos,10,1668,32.0246,1
Wiki,Nomos,10,1670,36.4369,1
Wiki,Nomos,10,1671,43.769,1
Wiki,Nomos,10,1673,33.718,1
Wiki,Nomos,10,1674,38.501,1
Wiki,Nomos,10,1675,41.3733,1
Wiki,Nomos,10,1677,41.8154,1
Wiki,Nomos,10,1680,34.2475,1
Wiki,Nomos,10,1681,31.4922,1
Wiki,Nomos,10,1689,32.6669,1
Wiki,Nomos,10,1690,37.8158,1
Wiki,Nomos,10,1692,83.3536,1
Wiki,Nomos,10,1693,160.702,1
Wiki,Nomos,10,1696,160.385,1
Wiki,Nomos,10,1698,94.6625,1
Wiki,Nomos,10,1699,63.8838,1
Wiki,Nomos,10,1700,42.6867,1
Wiki,Nomos,10,1701,93.2653,1
Wiki,Nomos,10,1704,60.7235,1
Wiki,Nomos,10,1707,37.0022,1
Wiki,Nomos,10,1711,32.1848,1
Wiki,Nomos,10,1718,33.7025,1
Wiki,Nomos,10,1720,52.9604,1
Wiki,Nomos,10,1723,51.8127,1
Wiki,Nomos,10,1725,47.4509,1
Wiki,Nomos,10,1726,35.8732,1
Wiki,Nomos,10,1728,37.6547,1
Wiki,Nomos,10,1730,33.4083,1
Wiki,Nomos,10,1732,37.4505,1
Wiki,Nomos,10,1735,34.6039,1
Wiki,Nomos,10,1738,82.2647,1
Wiki,Nomos,10,1744,37.5201,1
Wiki,Nomos,10,1749,39.9606,1
Wiki,Nomos,10,1753,40.6509,1
Wiki,Nomos,10,1754,35.6276,1
Wiki,Nomos,10,1755,38.0929,1
Wiki,Nomos,10,1757,36.0603,1
Wiki,Nomos,10,1759,36.9337,1
Wiki,Nomos,10,1760,35.2338,1
Wiki,Nomos,10,1764,32.4718,1
Wiki,Nomos,10,1767,36.199,1
Wiki,Nomos,10,1769,33.4132,1
Wiki,Nomos,10,1770,33.2669,1
Wiki,Nomos,10,1772,34.9504,1
Wiki,Nomos,10,1773,145.128,1
Wiki,Nomos,10,1775,32.1113,1
Wiki,Nomos,10,1778,35.3971,1
Wiki,Nomos,10,1779,42.3881,1
Wiki,Nomos,10,1780,51.2373,1
Wiki,Nomos,10,1782,127.179,1
Wiki,Nomos,10,1786,48.5485,1
Wiki,Nomos,10,1788,42.7553,1
Wiki,Nomos,10,1795,36.1302,1
Wiki,Nomos,10,1796,35.3636,1
Wiki,Nomos,10,1799,34.7716,1
Wiki,Nomos,10,1802,33.0236,1
Wiki,Nomos,10,1803,32.8984,1
Wiki,Nomos,10,1807,32.0414,1
Wiki,Nomos,10,1808,32.4979,1
Wiki,Nomos,10,1811,30.6066,1
Wiki,Nomos,10,1815,29.9017,1
Wiki,Nomos,10,1816,29.6086,1
Wiki,Nomos,10,1819,30.1404,1
Wiki,Nomos,10,1823,30.0767,1
Wiki,Nomos,10,1824,29.8611,1
Wiki,Nomos,10,1828,29.7069,1
Wiki,Nomos,10,1829,30.8493,1
Wiki,Nomos,10,1830,30.9233,1
Wiki,Nomos,10,1831,29.93,1
Wiki,Nomos,10,1833,46.8421,1
Wiki,Nomos,10,1841,39.3088,1
Wiki,Nomos,10,1842,31.7393,1
Wiki,Nomos,10,1843,31.2478,1
Wiki,Nomos,10,1844,29.5481,1
Wiki,Nomos,10,1854,29.6556,1
Wiki,Nomos,10,1856,30.1281,1
Wiki,Nomos,10,1861,31.226,1
Wiki,Nomos,10,1862,29.8037,1
Wiki,Nomos,10,1869,48.2438,1
Wiki,Nomos,10,1874,30.4652,1
Wiki,Nomos,10,1876,30.7731,1
Wiki,Nomos,10,1877,30.2886,1
Wiki,Nomos,10,1878,34.509,1
Wiki,Nomos,10,1883,30.8239,1
Wiki,Nomos,10,1884,32.0771,1
Wiki,Nomos,10,1889,34.7568,1
Wiki,Nomos,10,1891,33.2635,1
Wiki,Nomos,10,1892,30.2575,1
Wiki,Nomos,10,1899,30.7065,1
Wiki,Nomos,10,1903,30.9078,1
Wiki,Nomos,10,1907,31.0861,1
Wiki,Nomos,10,1909,31.2788,1
Wiki,Nomos,10,1910,31.2708,1
Wiki,Nomos,10,1919,30.8238,1
Wiki,Nomos,10,1926,29.4279,1
Wiki,Nomos,10,1928,31.3765,1
Wiki,Nomos,10,1932,29.536,1
Wiki,Nomos,10,1933,29.5429,1
Wiki,Nomos,10,1934,29.3643,1
Wiki,Nomos,10,1935,31.3704,1
Wiki,Nomos,10,1936,29.4723,1
Wiki,Nomos,10,1942,30.6278,1
Wiki,Nomos,10,1945,29.6157,1
Wiki,Nomos,10,1946,31.3943,1
Wiki,Nomos,10,1949,30.8554,1
Wiki,Nomos,10,1950,31.014,1
Wiki,Nomos,10,1951,30.2731,1
Wiki,Nomos,10,1953,31.6671,1
Wiki,Nomos,10,1957,31.4521,1
Wiki,Nomos,10,1958,30.6004,1
Wiki,Nomos,10,1966,30.746,1
Wiki,Nomos,10,1970,30.6308,1
Wiki,Nomos,10,1973,28.5503,1
Wiki,Nomos,10,1980,31.7279,1
Wiki,Nomos,10,1984,33.1185,1
Wiki,Nomos,10,1985,31.0991,1
Wiki,Nomos,10,1994,32.2802,1
Wiki,Nomos,10,1996,33.2375,1
Wiki,Nomos,10,1997,30.6701,1
Wiki,Nomos,10,1999,33.9295,1
Wiki,Nomos,10,2003,32.2909,1
Wiki,Nomos,10,2006,30.7462,1
Wiki,Nomos,10,2014,33.5661,1
Wiki,Nomos,10,2030,33.1015,1
Wiki,Nomos,10,2031,31.0353,1
Wiki,Nomos,10,2033,31.4535,1
Wiki,Nomos,10,2043,35.07,1
Wiki,Nomos,10,2044,37.686,1
Wiki,Nomos,10,2048,33.4173,1
Wiki,Nomos,10,2049,31.1036,1
Wiki,Nomos,10,2053,29.2903,1
Wiki,Nomos,10,2054,30.4955,1
Wiki,Nomos,10,2055,30.2096,1
Wiki,Nomos,10,2058,31.5099,1
Wiki,Nomos,10,2061,30.5664,1
Wiki,Nomos,10,2062,149.915,1
Wiki,Nomos,10,2069,41.9494,1
Wiki,Nomos,10,2072,46.4743,1
Wiki,Nomos,10,2073,39.7093,1
Wiki,Nomos,10,2074,48.1353,1
Wiki,Nomos,10,2078,34.3376,1
Wiki,Nomos,10,2085,36.2569,1
Wiki,Nomos,10,2093,32.5454,1
Wiki,Nomos,10,2094,31.7982,1
Wiki,Nomos,10,2096,31.0277,1
Wiki,Nomos,10,2098,32.8348,1
Wiki,Nomos,10,2099,30.6558,1
Wiki,Nomos,10,2100,30.1672,1
Wiki,Nomos,10,2104,30.6668,1
Wiki,Nomos,10,2113,33.38,1
Wiki,Nomos,10,2115,30.412,1
Wiki,Nomos,10,2120,31.3754,1
Wiki,Nomos,10,2125,30.4692,1
Wiki,Nomos,10,2127,29.4371,1
Wiki,Nomos,10,2131,29.8907,1
Wiki,Nomos,10,2135,35.0838,1
Wiki,Nomos,10,2138,30.2745,1
Wiki,Nomos,10,2140,32.636,1
Wiki,Nomos,10,2144,29.6391,1
Wiki,Nomos,10,2146,31.14,1
Wiki,Nomos,10,2148,32.8167,1
Wiki,Nomos,10,2149,30.0517,1
Wiki,Nomos,10,2150,31.0198,1
Wiki,Nomos,10,2153,31.2531,1
Wiki,Nomos,10,2154,29.8405,1
Wiki,Nomos,10,2156,30.5469,1
Wiki,Nomos,10,2157,30.5022,1
Wiki,Nomos,10,2161,31.9797,1
Wiki,Nomos,10,2163,29.6017,1
Wiki,Nomos,10,2164,32.4359,1
Wiki,Nomos,10,2165,30.7067,1
Wiki,Nomos,10,2172,34.9902,1
Wiki,Nomos,10,2174,31.3916,1
Wiki,Nomos,10,2186,34.0022,1
Wiki,Nomos,10,2188,30.7859,1
Wiki,Nomos,10,2189,30.3391,1
Wiki,Nomos,10,2193,49.3894,1
Wiki,Nomos,10,2196,34.1291,1
Wiki,Nomos,10,2206,31.1897,1
Wiki,Nomos,10,2207,30.1712,1
Wiki,Nomos,10,2212,30.4441,1
Wiki,Nomos,10,2213,32.7842,1
Wiki,Nomos,10,2217,29.609,1
Wiki,Nomos,10,2220,29.0265,1
Wiki,Nomos,10,2222,35.1221,1
Wiki,Nomos,10,2224,29.1284,1
Wiki,Nomos,10,2225,31.5299,1
Wiki,Nomos,10,2234,31.5626,1
Wiki,Nomos,10,2237,29.4123,1
Wiki,Nomos,10,2244,30.3032,1
Wiki,Nomos,10,2252,29.6037,1
Wiki,Nomos,10,2253,29.6258,1
Wiki,Nomos,10,2257,30.3566,1
Wiki,Nomos,10,2263,29.9466,1
Wiki,Nomos,10,2265,30.7809,1
Wiki,Nomos,10,2268,32.5379,1
Wiki,Nomos,10,2270,29.8763,1
Wiki,Nomos,10,2279,30.6899,1
Wiki,Nomos,10,2285,28.9011,1
Wiki,Nomos,10,2287,29.714,1
Wiki,Nomos,10,2289,29.3514,1
Wiki,Nomos,10,2297,29.5761,1
Wiki,Nomos,10,2303,29.7875,1
Wiki,Nomos,10,2305,31.516,1
Wiki,Nomos,10,2308,29.9261,1
Wiki,Nomos,10,2311,30.2888,1
Wiki,Nomos,10,2324,31.7034,1
Wiki,Nomos,10,2325,29.7082,1
Wiki,Nomos,10,2331,36.1613,1
Wiki,Nomos,10,2336,31.1695,1
Wiki,Nomos,10,2343,30.4573,1
Wiki,Nomos,10,2349,41.8004,1
Wiki,Nomos,10,2364,30.0177,1
Wiki,Nomos,10,2368,30.9216,1
Wiki,Nomos,10,2371,29.6635,1
Wiki,Nomos,10,2377,29.1025,1
Wiki,Nomos,10,2388,30.108,1
Wiki,Nomos,10,2398,30.3041,1
Wiki,Nomos,10,2407,30.5943,1
Wiki,Nomos,10,2408,32.2767,1
Wiki,Nomos,10,2415,31.0065,1
Wiki,Nomos,10,2418,29.8161,1
Wiki,Nomos,10,2423,29.596,1
Wiki,Nomos,10,2425,30.1634,1
Wiki,Nomos,10,2431,30.4078,1
Wiki,Nomos,10,2435,29.323,1
Wiki,Nomos,10,2437,29.3447,1
Wiki,Nomos,10,2453,29.6751,1
Wiki,Nomos,10,2459,30.2234,1
Wiki,Nomos,10,2460,32.1877,1
Wiki,Nomos,10,2465,33.9342,1
Wiki,Nomos,10,2467,30.2488,1
Wiki,Nomos,10,2473,29.7143,1
Wiki,Nomos,10,2485,30.3342,1
Wiki,Nomos,10,2487,30.6366,1
Wiki,Nomos,10,2494,29.2501,1
Wiki,Nomos,10,2497,30.2088,1
Wiki,Nomos,10,2510,30.3613,1
Wiki,Nomos,10,2522,34.5373,1
Wiki,Nomos,10,2523,30.3607,1
Wiki,Nomos,10,2574,30.4717,1
Wiki,Nomos,10,2579,30.5533,1
Wiki,Nomos,10,2585,34.0544,1
Wiki,Nomos,10,2598,32.1094,1
Wiki,Nomos,10,2601,31.3466,1
Wiki,Nomos,10,2603,33.2128,1
Wiki,Nomos,10,2608,34.8065,1
Wiki,Nomos,10,2610,29.9182,1
Wiki,Nomos,10,2616,29.2761,1
Wiki,Nomos,10,2618,29.9028,1
Wiki,Nomos,10,2621,30.2652,1
Wiki,Nomos,10,2626,35.0562,1
Wiki,Nomos,10,2638,29.4041,1
Wiki,Nomos,10,2640,29.7871,1
Wiki,Nomos,10,2648,31.071,1
Wiki,Nomos,10,2654,30.136,1
Wiki,Nomos,10,2660,30.4933,1
Wiki,Nomos,10,2687,30.413,1
Wiki,Nomos,10,2692,29.5405,1
Wiki,Nomos,10,2695,29.7216,1
Wiki,Nomos,10,2700,30.117,1
Wiki,Nomos,10,2702,29.417,1
Wiki,Nomos,10,2718,30.3433,1
Wiki,Nomos,10,2727,29.7457,1
Wiki,Nomos,10,2734,29.7241,1
Wiki,Nomos,10,2742,29.599,1
Wiki,Nomos,10,2745,29.7214,1
Wiki,Nomos,10,2749,29.2854,1
Wiki,Nomos,10,2752,29.452,1
Wiki,Nomos,10,2753,29.6935,1
Wiki,Nomos,10,2758,31.5239,1
Wiki,Nomos,10,2766,29.7042,1
Wiki,Nomos,10,2768,30.9593,1
Wiki,Nomos,10,2770,29.9596,1
Wiki,Nomos,10,2774,33.908,1
Wiki,Nomos,10,2777,29.6972,1
Wiki,Nomos,10,2787,30.0734,1
Wiki,Nomos,10,2794,29.1998,1
Wiki,Nomos,10,2811,32.7038,1
Wiki,Nomos,10,2815,34.5245,1
Wiki,Nomos,10,2830,34.0537,1
Wiki,Nomos,10,2838,33.7384,1
Wiki,Nomos,10,2849,34.262,1
Wiki,Nomos,10,2853,33.2375,1
Wiki,Nomos,10,2854,33.7252,1
Wiki,Nomos,10,2857,32.5608,1
Wiki,Nomos,10,2866,34.2264,1
Wiki,Nomos,10,2880,31.6038,1
Wiki,Nomos,10,2888,30.7776,1
Wiki,Nomos,10,2900,28.9027,1
Wiki,Nomos,10,2907,29.9541,1
Wiki,Nomos,10,2924,29.8804,1
Wiki,Nomos,10,2928,30.0898,1
Wiki,Nomos,10,2933,29.8252,1
Wiki,Nomos,10,2934,30.0182,1
Wiki,Nomos,10,2938,28.3971,1
Wiki,Nomos,10,2950,29.8574,1
Wiki,Nomos,10,2952,35.1804,1
Wiki,Nomos,10,2953,32.0862,1
Wiki,Nomos,10,2959,31.383,1
Wiki,Nomos,10,2961,29.8213,1
Wiki,Nomos,10,2967,31.442,1
Wiki,Nomos,10,2969,30.9455,1
Wiki,Nomos,10,2983,29.4764,1
Wiki,Nomos,10,2984,30.8168,1
Wiki,Nomos,10,2992,29.3643,1
Wiki,Nomos,10,3035,30.2016,1
Wiki,Nomos,10,3060,30.0768,1
Wiki,Nomos,10,3067,29.4541,1
Wiki,Nomos,10,3080,29.3689,1
Wiki,Nomos,10,3090,29.777,1
Wiki,Nomos,10,3091,29.687,1
Wiki,Nomos,10,3099,31.6015,1
Wiki,Nomos,10,3129,30.1094,1
Wiki,Nomos,10,3149,31.319,1
Wiki,Nomos,10,3156,29.5607,1
Wiki,Nomos,10,3186,41.1765,1
Wiki,Nomos,10,3191,31.4686,1
Wiki,Nomos,10,3203,34.5738,1
Wiki,Nomos,10,3214,33.4293,1
Wiki,Nomos,10,3223,29.4687,1
Wiki,Nomos,10,3230,30.8219,1
Wiki,Nomos,10,3232,30.1414,1
Wiki,Nomos,10,3233,30.7201,1
Wiki,Nomos,10,3250,28.9999,1
Wiki,Nomos,10,3268,30.0005,1
Wiki,Nomos,10,3279,29.9834,1
Wiki,Nomos,10,3292,30.2128,1
Wiki,Nomos,10,3306,33.096,1
Wiki,Nomos,10,3341,34.0039,1
Wiki,Nomos,10,3342,32.2634,1
Wiki,Nomos,10,3391,28.634,1
Wiki,Nomos,10,3410,40.104,1
Wiki,Nomos,10,3411,29.9545,1
Wiki,Nomos,10,3454,29.466,1
Wiki,Nomos,10,3478,30.8599,1
Wiki,Nomos,10,3480,30.6696,1
Wiki,Nomos,10,3501,32.3926,1
Wiki,Nomos,10,3505,30.909,1
Wiki,Nomos,10,3548,30.1887,1
Wiki,Nomos,10,3567,31.8067,1
Wiki,Nomos,10,3585,30.0725,1
Wiki,Nomos,10,3649,30.9081,1
Wiki,Nomos,10,3662,30.5003,1
Wiki,Nomos,10,3690,30.0609,1
Wiki,Nomos,10,3701,30.2764,1
Wiki,Nomos,10,3739,30.0546,1
Wiki,Nomos,10,3746,34.0787,1
Wiki,Nomos,10,3750,30.6676,1
Wiki,Nomos,10,3753,29.7931,1
Wiki,Nomos,10,3871,32.7304,1
Wiki,Nomos,10,3889,30.359,1
Wiki,Nomos,10,3911,35.2696,1
Wiki,Nomos,10,3954,31.1694,1
Wiki,Nomos,10,3957,29.651,1
Wiki,Nomos,10,3958,30.0472,1
Wiki,Nomos,10,3964,30.3508,1
Wiki,Nomos,10,3978,31.8289,1
Wiki,Nomos,10,3994,30.4639,1
Wiki,Nomos,10,4008,29.703,1
Wiki,Nomos,10,4057,29.4574,1
Wiki,Nomos,10,4131,29.6425,1
Wiki,Nomos,10,4152,30.6494,1
Wiki,Nomos,10,4182,31.4971,1
Wiki,Nomos,10,4193,30.7305,1
Wiki,Nomos,10,4219,31.2314,1
Wiki,Nomos,10,4287,30.8426,1
Wiki,Nomos,10,4314,31.2228,1
Wiki,Nomos,10,4349,30.848,1
Wiki,Nomos,10,4360,30.3573,1
Wiki,Nomos,10,4404,46.8185,1
Wiki,Nomos,10,4407,32.667,1
Wiki,Nomos,10,4502,31.5515,1
Wiki,Nomos,10,4559,31.361,1
Wiki,Nomos,10,4669,36.34,1
Wiki,Nomos,10,4737,31.0597,1
Wiki,Nomos,10,4816,33.8363,1
Wiki,Nomos,10,4949,31.7282,1
Wiki,Nomos,10,4967,36.3348,1
Wiki,Nomos,10,5123,31.8661,1
Wiki,Nomos,10,5211,31.0829,1
Wiki,Nomos,10,5220,33.4451,1
Wiki,Nomos,10,5514,31.5448,1
Wiki,Nomos,10,5534,31.9217,1
Wiki,Nomos,10,5628,30.538,1
Wiki,Nomos,10,5699,29.7211,1
Wiki,Nomos,10,5800,30.5765,1
Wiki,Nomos,10,5894,29.9201,1
Wiki,Nomos,10,5932,30.344,1
Wiki,Nomos,10,5952,32.5576,1
Wiki,Nomos,10,6046,29.7016,1
Wiki,Nomos,10,6057,29.3714,1
Wiki,Nomos,10,6174,30.0482,1
Wiki,Nomos,10,6216,30.5929,1
Wiki,Nomos,10,6286,29.9673,1
Wiki,Nomos,10,6350,40.0218,1
Wiki,Nomos,10,6356,36.1196,1
Wiki,Nomos,10,6377,30.9126,1
Wiki,Nomos,10,6724,32.681,1
Wiki,Nomos,10,6895,30.0038,1
Wiki,Nomos,10,7343,29.5547,1
Wiki,Nomos,10,7752,29.3951,1
Wiki,Nomos,10,8234,30.2144,1
Wiki,Nomos,10,8405,32.9663,1
Wiki,Nomos,10,8451,44.4062,1
Wiki,Nomos,10,8574,32.5169,1
Wiki,Nomos,10,8992,39.7367,1
Wiki,Nomos,10,9738,30.7905,1
